"1000","1000","+8420006","default","2021-04-14 17:07:33","","2021-04-14 17:07:37","4","0","ORIGINATOR_CANCEL","9e06edbf-9082-46ab-92de-3ec97e1b04b5","","1000","",""
"1000","1000","20006","default","2021-04-14 17:07:51","","2021-04-14 17:08:01","10","0","NORMAL_CLEARING","315c8d53-9753-49e8-bb49-284a654c4fd6","","1000","",""
"1000","1000","20006","default","2021-04-14 17:10:56","","2021-04-14 17:11:07","11","0","NORMAL_CLEARING","d8a9056d-666b-4b70-a4ca-106b50d0af9b","","1000","",""
"1000","1000","20006","default","2021-04-14 17:11:44","","2021-04-14 17:11:54","10","0","NORMAL_CLEARING","12dc7d7e-3254-4ddb-a2e1-c7ba51daf920","","1000","",""
"1000","1000","20006","default","2021-04-14 17:18:18","","2021-04-14 17:18:28","10","0","NORMAL_CLEARING","8c675ccb-e2ea-48dc-acc2-62951a94cf89","","1000","",""
"1000","1000","20006","default","2021-04-14 17:22:36","","2021-04-14 17:22:46","10","0","NORMAL_CLEARING","7c4eae17-f99e-43b3-ae61-1f893073ab0d","","1000","",""
"1000","1000","20006","default","2021-04-14 17:27:18","2021-04-14 17:27:30","2021-04-14 17:27:30","12","0","NORMAL_CLEARING","196e1ca4-c012-46a9-8233-172f1f4ad4e4","","1000","opus","opus"
"1000","1000","20006","default","2021-04-14 17:30:13","2021-04-14 17:30:25","2021-04-14 17:30:39","26","14","NORMAL_CLEARING","d96720ad-52a9-4403-be6f-7eb52478f1ad","","1000","opus","opus"
"1000","1000","+8420006","default","2021-04-15 09:17:03","","2021-04-15 09:17:06","3","0","ORIGINATOR_CANCEL","7995e835-f48b-4def-8230-c57c13ffb096","","1000","",""
"1000","1000","20006","default","2021-04-15 09:17:20","2021-04-15 09:17:32","2021-04-15 09:17:40","20","8","NORMAL_CLEARING","e46b7056-0c10-451d-ab7a-56acfdc1cce6","","1000","opus","opus"
"1000","1000","20006","default","2021-04-15 09:22:58","2021-04-15 09:23:09","2021-04-15 09:23:39","41","30","NORMAL_CLEARING","5579ca9e-f1aa-40a3-83c5-16f2667bde7e","","1000","opus","opus"
"1000","1000","20006","default","2021-04-15 09:35:06","2021-04-15 09:35:18","2021-04-15 09:35:33","27","15","NORMAL_CLEARING","f7224c46-61cb-40be-b809-68208a43bb32","","1000","opus","opus"
"1000","1000","20006","default","2021-04-15 09:35:58","2021-04-15 09:36:10","2021-04-15 09:36:16","18","6","NORMAL_CLEARING","f9507d2f-8457-44ad-8a28-b93e43b2183b","","1000","opus","opus"
"1000","1000","20006","default","2021-04-19 14:22:18","2021-04-19 14:22:30","2021-04-19 14:22:33","15","3","NORMAL_CLEARING","b6c17450-a647-4a63-b4d7-a30cb78d4b8b","","1000","opus","opus"
"1000","1000","20006","default","2021-04-19 14:39:05","2021-04-19 14:39:16","2021-04-19 14:39:17","12","1","NORMAL_CLEARING","cf60ac71-f449-478f-9027-73b67fac1d78","","1000","opus","opus"
"1000","1000","20006","default","2021-04-19 14:41:00","2021-04-19 14:41:12","2021-04-19 14:41:29","29","17","NORMAL_CLEARING","2159bb3e-d256-4e00-bc7c-6349e0c80baa","","1000","opus","opus"
"1000","1000","20006","default","2021-04-19 15:51:42","2021-04-19 15:51:53","2021-04-19 15:52:25","43","32","NORMAL_UNSPECIFIED","985f4846-5de3-4fbc-87ed-d8ad5a6d3be0","","1000","opus","opus"
"1000","1000","20006","default","2021-04-19 15:52:35","2021-04-19 15:52:47","2021-04-19 15:53:18","43","31","NORMAL_CLEARING","a4a5d3b9-99ec-4474-a2f3-7df0a98c54ed","","1000","opus","opus"
"1000","1000","20006","default","2021-04-19 15:53:41","2021-04-19 15:53:53","2021-04-19 15:54:25","44","32","NORMAL_UNSPECIFIED","7950e99a-64f2-4350-b628-17e56512167e","","1000","opus","opus"
"1000","1000","20006","default","2021-04-19 15:57:32","2021-04-19 15:57:44","2021-04-19 15:58:16","44","32","NORMAL_UNSPECIFIED","b0ac9ccc-0120-4fab-b77d-690bd3b0bb48","","1000","opus","opus"
"1000","1000","20006","default","2021-04-19 16:04:49","2021-04-19 16:05:01","2021-04-19 16:05:07","18","6","NORMAL_CLEARING","0edeb839-f3f9-4eac-ba0e-75a687da12ab","","1000","opus","opus"
"1000","1000","20006","default","2021-04-19 16:52:14","","2021-04-19 16:52:24","10","0","NORMAL_CLEARING","8996724e-4173-47d3-92d6-8c0b417d4ebf","","1000","",""
"1000","1000","20006","default","2021-04-19 16:53:22","","2021-04-19 16:53:34","12","0","NORMAL_CLEARING","7f3812f5-9354-4260-8e80-0e6b42a70de7","","1000","",""
"1000","1000","20006","default","2021-04-19 16:55:06","2021-04-19 16:55:18","2021-04-19 16:55:23","17","5","NORMAL_CLEARING","112eaae9-926f-477c-9b6e-9f73c57f20f6","","1000","opus","opus"
"1000","1000","20006","default","2021-04-19 16:57:40","2021-04-19 16:57:51","2021-04-19 16:57:59","19","8","NORMAL_CLEARING","6555a61d-0987-4e22-b6ce-73052dbf8dc2","","1000","opus","opus"
"1000","1000","20006","default","2021-04-19 17:01:57","2021-04-19 17:02:10","2021-04-19 17:02:19","22","9","NORMAL_CLEARING","cacb7612-cd6d-42f0-a26a-9f4d8e980883","","1000","opus","opus"
"1000","1000","20006","default","2021-04-19 17:03:16","2021-04-19 17:03:29","2021-04-19 17:03:35","19","6","NORMAL_CLEARING","53768e0f-a98a-4859-9f02-1079d8556f6f","","1000","opus","opus"
"1000","1000","20006","default","2021-04-19 17:18:02","2021-04-19 17:18:14","2021-04-19 17:18:18","16","4","NORMAL_CLEARING","1fc64774-ee2b-4847-a4f1-59dd4d59a032","","1000","opus","opus"
"1000","1000","20006","default","2021-04-19 17:18:57","2021-04-19 17:19:09","2021-04-19 17:19:24","27","15","NORMAL_CLEARING","d8100d03-8553-4838-89bd-b07158dadfa8","","1000","opus","opus"
"1000","1000","20006","default","2021-04-19 17:23:32","2021-04-19 17:23:44","2021-04-19 17:24:16","44","32","NORMAL_UNSPECIFIED","154c8cd2-3062-4442-80c0-86835e9fad0e","","1000","opus","opus"
"1000","1000","20006","default","2021-04-19 17:32:42","2021-04-19 17:32:54","2021-04-19 17:33:17","35","23","NORMAL_CLEARING","1e8d15e2-6796-4c4f-afc1-d4bbabcee255","","1000","opus","opus"
"1000","1000","20006","default","2021-04-19 17:33:24","2021-04-19 17:33:36","2021-04-19 17:34:06","42","30","NORMAL_CLEARING","5fea6903-511d-4c37-bddc-bf66b68f6b1b","","1000","opus","opus"
"1000","1000","20006","default","2021-04-19 17:39:07","2021-04-19 17:39:19","2021-04-19 17:39:51","44","32","NORMAL_UNSPECIFIED","32ef67b4-00e5-495a-83a1-2016a1be77ea","","1000","opus","opus"
"1000","1000","20006","default","2021-04-19 17:40:33","2021-04-19 17:40:45","2021-04-19 17:41:17","44","32","NORMAL_UNSPECIFIED","e524e86f-6e35-49a9-8068-3d212fb4d134","","1000","opus","opus"
"1000","1000","+8420006","default","2021-04-20 09:37:47","","2021-04-20 09:37:49","2","0","ORIGINATOR_CANCEL","88abbfdc-4da6-496c-9bd2-e5fc36963b00","","1000","",""
"1000","1000","20006","default","2021-04-20 09:38:05","","2021-04-20 09:38:15","10","0","NORMAL_CLEARING","5014e79c-d3e2-49dc-bfeb-d63abbacf641","","1000","",""
"1000","1000","20006","default","2021-04-20 09:40:38","","2021-04-20 09:40:48","10","0","NORMAL_CLEARING","4c8543b3-b948-4770-a8b1-4e2e6db7f4b6","","1000","",""
"1000","1000","20006","default","2021-04-20 09:41:18","","2021-04-20 09:41:28","10","0","NORMAL_CLEARING","2607892f-d3ed-493f-b340-33334e689e87","","1000","",""
"1000","1000","20006","default","2021-04-20 09:45:05","","2021-04-20 09:45:15","10","0","NORMAL_CLEARING","65357dee-56c5-4ffb-92a2-45dfd0d83d75","","1000","",""
"1000","1000","20006","default","2021-04-20 09:46:43","2021-04-20 09:46:55","2021-04-20 09:47:27","44","32","NORMAL_UNSPECIFIED","6af1082c-c6b1-47fd-84c8-329624038454","","1000","opus","opus"
"1000","1000","20006","default","2021-04-20 09:47:58","2021-04-20 09:48:11","2021-04-20 09:48:43","45","32","NORMAL_UNSPECIFIED","7748a517-6002-401f-a3cf-d5259622ee26","","1000","opus","opus"
"1000","1000","20006","default","2021-04-20 09:51:47","2021-04-20 09:52:06","2021-04-20 09:52:11","24","5","NORMAL_CLEARING","c99c705b-e338-4458-a973-3cd81da1ce0b","","1000","opus","opus"
"1000","1000","20006","default","2021-04-20 09:52:43","","2021-04-20 09:52:58","15","0","NORMAL_CLEARING","18a54ac9-85fa-4bb7-a4d1-dd398a806a0b","","1000","",""
"1000","1000","20006","default","2021-04-20 09:53:32","","2021-04-20 09:53:47","15","0","NORMAL_CLEARING","fb3b0f12-6dbe-4f55-ae35-01bf30e4c59d","","1000","",""
"1000","1000","20006","default","2021-04-20 09:54:23","2021-04-20 09:54:35","2021-04-20 09:55:07","44","32","NORMAL_UNSPECIFIED","f8fa39e3-220d-4fec-8b5b-102df0659d11","","1000","opus","opus"
"1000","1000","20006","default","2021-04-20 11:04:35","2021-04-20 11:04:48","2021-04-20 11:04:54","19","6","NORMAL_CLEARING","525dec18-42ce-4a8a-8af2-8c050637b69d","","1000","opus","opus"
"1000","1000","20006","default","2021-04-20 11:05:30","2021-04-20 11:05:42","2021-04-20 11:05:46","16","4","NORMAL_CLEARING","a3730e25-6252-4aa3-ae93-8662fb44b824","","1000","opus","opus"
"1000","1000","20006","default","2021-04-20 14:03:30","2021-04-20 14:03:45","2021-04-20 14:03:51","21","6","NORMAL_CLEARING","e81c79d0-ec47-40c1-90bd-c1eafbbf3edd","","1000","opus","opus"
"1000","1000","20006","default","2021-04-20 14:05:06","2021-04-20 14:05:20","2021-04-20 14:05:25","19","5","NORMAL_CLEARING","76642c3c-67d1-4dab-8450-ac06e42bebdc","","1000","opus","opus"
"1000","1000","20006","default","2021-04-20 14:06:18","2021-04-20 14:06:31","2021-04-20 14:06:34","16","3","NORMAL_CLEARING","70a55bd8-a9e7-40dc-91ad-4354c1feb5d9","","1000","opus","opus"
"1000","1000","20006","default","2021-04-20 14:09:24","","2021-04-20 14:09:37","13","0","NORMAL_CLEARING","6ddb38d3-8cf1-495e-964a-aab5338c4e40","","1000","",""
"1000","1000","20006","default","2021-04-20 14:09:44","2021-04-20 14:09:57","2021-04-20 14:10:01","17","4","NORMAL_CLEARING","0f79ed9f-75f1-429c-9419-61e8358cabe6","","1000","opus","opus"
"1000","1000","20006","default","2021-04-20 14:11:40","2021-04-20 14:12:02","2021-04-20 14:12:06","26","4","NORMAL_CLEARING","4382f2ab-efbd-4848-bb23-a47879c6e13c","","1000","opus","opus"
"1000","1000","20006","default","2021-04-20 14:25:52","2021-04-20 14:26:05","2021-04-20 14:26:09","17","4","NORMAL_CLEARING","3881f4df-13fc-4c51-b8ac-e8fb4f5add10","","1000","opus","opus"
"1000","1000","20006","default","2021-04-20 14:53:37","2021-04-20 14:53:51","2021-04-20 14:53:56","19","5","NORMAL_CLEARING","1e2eecbd-96da-43bf-8105-5ebadae8c242","","1000","opus","opus"
"1000","1000","20006","default","2021-04-20 14:56:05","2021-04-20 14:56:18","2021-04-20 14:56:21","16","3","NORMAL_CLEARING","0d803446-085e-4ccd-b319-e26d49c3077e","","1000","opus","opus"
"1000","1000","20006","default","2021-04-20 15:13:02","2021-04-20 15:13:16","2021-04-20 15:13:23","21","7","NORMAL_CLEARING","17562b99-7cb9-43e0-be5d-6be14b1e9f70","","1000","opus","opus"
"1000","1000","20006","default","2021-04-20 15:14:13","2021-04-20 15:14:26","2021-04-20 15:14:58","45","32","NORMAL_UNSPECIFIED","c08437ca-e5e3-4ea8-a426-7ff1067f5e03","","1000","opus","opus"
"1000","1000","+8420006","default","2021-04-22 10:24:33","","2021-04-22 10:24:42","9","0","ORIGINATOR_CANCEL","19b85ea0-282f-4303-a8e2-7e952a5f5bc1","","1000","",""
"1000","1000","20006","default","2021-04-22 10:24:54","2021-04-22 10:25:06","2021-04-22 10:25:35","41","29","NORMAL_CLEARING","299e3c96-2ba8-4e7d-a423-d0a45d37e303","","1000","opus","opus"
"1000","1000","20006","default","2021-04-22 10:25:10","2021-04-22 10:25:22","2021-04-22 10:25:57","47","35","NORMAL_UNSPECIFIED","b08d9ba7-e758-4c72-91c1-12b8f0598898","","1000","opus","opus"
"1000","1000","20006","default","2021-04-22 10:27:07","","2021-04-22 10:27:19","12","0","ORIGINATOR_CANCEL","d7064902-a73d-4b0e-bea9-d3faa229380f","","1000","",""
"1000","1000","20006","default","2021-04-22 10:49:30","2021-04-22 10:49:41","2021-04-22 10:49:49","19","8","NORMAL_CLEARING","e09be838-37e6-44c2-a4b0-b534ac0f2af1","","1000","opus","opus"
"1000","1000","20006","default","2021-04-22 10:49:55","2021-04-22 10:50:07","2021-04-22 10:50:14","19","7","NORMAL_CLEARING","f59bf1c4-cf9a-4848-bfe8-40cf39a2b9c4","","1000","opus","opus"
"1000","1000","20006","default","2021-04-22 10:55:09","2021-04-22 10:55:21","2021-04-22 10:55:27","18","6","NORMAL_CLEARING","8e2357db-07d2-4e49-b1df-175384785fd2","","1000","opus","opus"
"1000","1000","20006","default","2021-04-22 10:58:45","2021-04-22 10:58:58","2021-04-22 10:59:11","26","13","NORMAL_CLEARING","e6d5da76-ea8b-463f-9d8d-3fa91d82a6b2","","1000","opus","opus"
"1000","1000","20006","default","2021-04-22 11:01:30","2021-04-22 11:01:43","2021-04-22 11:01:54","24","11","NORMAL_CLEARING","f55e0d2e-238a-4309-9ffc-07a6aa9957c1","","1000","opus","opus"
"1000","1000","20006","default","2021-04-22 11:27:28","2021-04-22 11:27:40","2021-04-22 11:27:46","18","6","NORMAL_CLEARING","cb01809e-e089-464f-a313-231477bfd6ca","","1000","opus","opus"
"1000","1000","20006","default","2021-04-22 11:36:19","2021-04-22 11:36:32","2021-04-22 11:37:06","47","34","NORMAL_UNSPECIFIED","3636ea2b-237a-4905-8187-97b5cfd0fe4b","","1000","opus","opus"
"1000","1000","20006","default","2021-04-22 11:40:47","2021-04-22 11:40:58","2021-04-22 11:41:32","45","34","NORMAL_UNSPECIFIED","a9c2ab09-8f2e-449a-a193-620aa7ccae4f","","1000","opus","opus"
"1000","1000","20006","default","2021-04-22 11:48:32","2021-04-22 11:48:44","2021-04-22 11:48:50","18","6","NORMAL_CLEARING","f47ed806-b83c-46a1-b979-9e384d88d772","","1000","opus","opus"
"1000","1000","20006","default","2021-04-22 11:55:52","2021-04-22 11:56:05","2021-04-22 11:56:10","18","5","NORMAL_CLEARING","4b4d92dc-ddb1-4500-a1d2-e8d8f296bbc7","","1000","opus","opus"
"1000","1000","20006","default","2021-04-22 11:59:31","2021-04-22 11:59:43","2021-04-22 11:59:50","19","7","NORMAL_CLEARING","116cd372-0f48-49c4-9ddd-b360e11a5874","","1000","opus","opus"
"1000","1000","20006","default","2021-04-22 12:02:31","","2021-04-22 12:02:35","4","0","ORIGINATOR_CANCEL","d2e731e1-c4cc-45de-a617-ea70d77408ee","","1000","",""
"1000","1000","20006","default","2021-04-22 12:02:37","2021-04-22 12:02:49","2021-04-22 12:02:55","18","6","NORMAL_CLEARING","ecda529b-8839-40a1-b477-fd16c7916e5a","","1000","opus","opus"
"1000","1000","20006","default","2021-04-22 13:28:40","2021-04-22 13:28:52","2021-04-22 13:28:59","19","7","NORMAL_CLEARING","b07dd4c5-05c1-4b60-9763-8f84dbb0c872","","1000","opus","opus"
"1000","1000","20006","default","2021-04-22 13:32:40","2021-04-22 13:32:51","2021-04-22 13:32:58","18","7","NORMAL_CLEARING","51211283-f34d-4d5d-96eb-3044698c05f6","","1000","opus","opus"
"1000","1000","20006","default","2021-04-22 13:33:25","2021-04-22 13:33:37","2021-04-22 13:33:42","17","5","NORMAL_CLEARING","a5a78546-9b24-4812-8429-2b3f46b7f817","","1000","opus","opus"
"1000","1000","20006","default","2021-04-22 13:42:44","2021-04-22 13:42:56","2021-04-22 13:43:04","20","8","NORMAL_CLEARING","e5359f7a-f004-467f-acb0-a82ea72b0de7","","1000","opus","opus"
"1000","1000","20006","default","2021-04-22 14:10:09","2021-04-22 14:10:22","2021-04-22 14:10:30","21","8","NORMAL_CLEARING","141db313-8d12-4ee7-9e81-7a991e231e0c","","1000","opus","opus"
"1000","1000","20006","default","2021-04-22 14:15:22","2021-04-22 14:15:35","2021-04-22 14:16:14","52","39","NORMAL_UNSPECIFIED","6e706f19-ccfa-47c9-a614-9b8a951cc29b","","1000","opus","opus"
"1000","1000","20006","default","2021-04-22 14:32:53","2021-04-22 14:33:06","2021-04-22 14:33:38","45","32","NORMAL_UNSPECIFIED","6aeec421-54fc-4a26-a473-7c708976e8d4","c16f3e6e-c8f0-4394-84f5-aa935b453d6f","1000","opus","opus"
"1000","1000","20006","default","2021-04-22 14:46:44","2021-04-22 14:46:56","2021-04-22 14:47:52","68","56","NORMAL_UNSPECIFIED","789ac146-6ff7-4266-93e8-e1553051c755","","1000","opus","opus"
"1000","1000","20006","default","2021-04-22 15:02:00","2021-04-22 15:02:13","2021-04-22 15:03:09","69","56","NORMAL_UNSPECIFIED","1a4f393a-853a-4db8-a3cc-9a5e7583b519","","1000","opus","opus"
"1000","1000","20006","default","2021-04-22 15:06:15","2021-04-22 15:06:28","2021-04-22 15:07:01","46","33","NORMAL_UNSPECIFIED","ae9c8a69-9850-4e47-bd32-46cdb7677ebf","","1000","opus","opus"
"1000","1000","20006","default","2021-04-22 15:57:48","","2021-04-22 15:57:58","10","0","NORMAL_CLEARING","37daa344-4152-443e-954e-5e492788353b","","1000","",""
"1000","1000","20006","default","2021-04-22 15:58:42","","2021-04-22 15:58:52","10","0","NORMAL_CLEARING","63ef83cc-1385-4702-b394-a1b6a0345df6","","1000","",""
"1000","1000","20006","default","2021-04-22 16:00:45","","2021-04-22 16:00:55","10","0","NORMAL_CLEARING","b12fd5df-de25-4b37-800e-dad471cdb47e","","1000","",""
"1000","1000","20006","default","2021-04-22 16:04:09","2021-04-22 16:04:23","2021-04-22 16:04:29","20","6","NORMAL_CLEARING","96c612fc-813a-4047-a113-8a58d1fe9ffb","","1000","opus","opus"
"1000","1000","20006","default","2021-04-22 16:05:41","2021-04-22 16:05:53","2021-04-22 16:06:26","45","33","NORMAL_UNSPECIFIED","39580b8d-2ac5-4396-9d1d-3d7d91a89392","","1000","opus","opus"
"1000","1000","20006","default","2021-04-22 16:11:59","2021-04-22 16:12:12","2021-04-22 16:12:44","45","32","NORMAL_UNSPECIFIED","94a10a7e-651b-4a39-9ee7-d665bbaf142b","","1000","opus","opus"
"1000","1000","20006","default","2021-04-22 16:21:59","2021-04-22 16:22:11","2021-04-22 16:22:45","46","34","NORMAL_UNSPECIFIED","6326672a-9b69-41be-8760-444dffd792be","","1000","opus","opus"
"1000","1000","20006","default","2021-04-22 16:24:40","2021-04-22 16:24:53","2021-04-22 16:25:27","47","34","NORMAL_UNSPECIFIED","a81ee6c5-12dc-4f13-8b85-3babf695cb13","","1000","opus","opus"
"1000","1000","20006","default","2021-04-22 16:27:56","2021-04-22 16:28:07","2021-04-22 16:28:41","45","34","NORMAL_UNSPECIFIED","6092a515-1ab0-41c7-971b-27b1e3c44205","","1000","opus","opus"
"1000","1000","20006","default","2021-04-22 16:30:22","2021-04-22 16:30:34","2021-04-22 16:31:08","46","34","NORMAL_UNSPECIFIED","83adf00e-f3b4-45a8-85f6-40cab7f8d831","","1000","opus","opus"
"1000","1000","20006","default","2021-04-22 16:59:50","2021-04-22 17:00:02","2021-04-22 17:00:36","46","34","NORMAL_UNSPECIFIED","8a2d07d3-f0a8-4998-925a-ce78619ca41f","","1000","opus","opus"
"1000","1000","20006","default","2021-04-22 17:03:16","2021-04-22 17:03:28","2021-04-22 17:04:02","46","34","NORMAL_UNSPECIFIED","5b2b26ba-df6b-45ee-9ba2-77db20a78ff7","","1000","opus","opus"
"1000","1000","20006","default","2021-04-22 17:18:12","2021-04-22 17:18:23","2021-04-22 17:18:57","45","34","NORMAL_UNSPECIFIED","94cb087a-b401-41cf-9fe7-84719ecaa6c1","","1000","opus","opus"
"1000","1000","20006","default","2021-04-22 17:20:59","2021-04-22 17:21:10","2021-04-22 17:21:44","45","34","NORMAL_UNSPECIFIED","5cd98d78-e2c2-47a0-b334-69dae5a688e7","","1000","opus","opus"
"1000","1000","20006","default","2021-04-22 17:39:00","2021-04-22 17:39:12","2021-04-22 17:39:44","44","32","NORMAL_UNSPECIFIED","6532f780-5c99-4cf8-a8e3-17f34ebd4a8a","","1000","opus","opus"
"1000","1000","20006","default","2021-04-22 17:40:57","2021-04-22 17:41:10","2021-04-22 17:41:44","47","34","NORMAL_UNSPECIFIED","493b90ad-055f-4231-bdbf-34351a8f6daf","","1000","opus","opus"
"1000","1000","+8420006","default","2021-04-22 20:37:03","","2021-04-22 20:37:04","1","0","ORIGINATOR_CANCEL","375b0fb3-5173-42a9-9f41-bea4d9f87b2d","","1000","",""
"1000","1000","20006","default","2021-04-22 20:37:23","2021-04-22 20:37:37","2021-04-22 20:37:37","14","0","NORMAL_CLEARING","c4a96436-4f17-43ee-a7ed-e3db8794a01a","","1000","opus","opus"
"1000","1000","20006","default","2021-04-22 20:38:34","2021-04-22 20:38:45","2021-04-22 20:38:46","12","1","NORMAL_CLEARING","d0adb0f1-d457-4e20-ba3b-50ce5d5bc6b4","","1000","opus","opus"
"1000","1000","20006","default","2021-04-22 20:51:17","2021-04-22 20:51:35","2021-04-22 20:52:07","50","32","NORMAL_UNSPECIFIED","e5f81976-8d20-4718-a8bc-75587901fa91","","1000","opus","opus"
"1000","1000","20006","default","2021-04-22 21:02:15","2021-04-22 21:02:29","2021-04-22 21:03:01","46","32","NORMAL_UNSPECIFIED","b16043f7-4c41-4108-a00e-09dbc6feacc8","","1000","opus","opus"
"1000","1000","20006","default","2021-04-22 21:05:28","2021-04-22 21:05:39","2021-04-22 21:06:11","43","32","NORMAL_UNSPECIFIED","d4962619-71ae-4a7f-be06-ef12c85cd0b0","","1000","opus","opus"
"1000","1000","20006","default","2021-04-22 21:10:29","2021-04-22 21:10:42","2021-04-22 21:10:44","15","2","NORMAL_CLEARING","9f9856e0-39af-4f3d-a260-d937b7d839a2","","1000","opus","opus"
"1000","1000","20006","default","2021-04-22 21:11:54","2021-04-22 21:12:07","2021-04-22 21:12:39","45","32","NORMAL_UNSPECIFIED","25e6cd8b-bdf1-4e54-b8f1-3a78cfc2df94","","1000","opus","opus"
"1000","1000","20006","default","2021-04-22 21:16:10","2021-04-22 21:16:22","2021-04-22 21:16:54","44","32","NORMAL_UNSPECIFIED","0ac8008d-6d5e-4692-bd24-a0d14968a7e2","","1000","opus","opus"
"1000","1000","20006","default","2021-04-22 21:18:30","2021-04-22 21:18:43","2021-04-22 21:19:15","45","32","NORMAL_UNSPECIFIED","8e332f5a-df72-4b2b-9d5f-26e26d33db07","","1000","opus","opus"
"1000","1000","20006","default","2021-04-22 21:22:51","2021-04-22 21:23:02","2021-04-22 21:23:34","43","32","NORMAL_UNSPECIFIED","c879c433-2507-4dfe-a292-6d761e6b9e29","","1000","opus","opus"
"1000","1000","20006","default","2021-04-22 21:26:48","2021-04-22 21:27:00","2021-04-22 21:27:32","44","32","NORMAL_UNSPECIFIED","806053f5-f06d-4c65-87d3-a018172a5ddd","","1000","opus","opus"
"1000","1000","20006","default","2021-04-22 21:33:52","2021-04-22 21:34:04","2021-04-22 21:34:36","44","32","NORMAL_UNSPECIFIED","d22217bc-682c-4a4f-a388-45263d57f3c2","","1000","opus","opus"
"1000","1000","20006","default","2021-04-22 21:57:03","2021-04-22 21:57:15","2021-04-22 21:57:47","44","32","NORMAL_UNSPECIFIED","20ee5e57-84f6-4f99-b150-aae7018d2d7f","","1000","opus","opus"
"1000","1000","20006","default","2021-04-22 22:25:57","","2021-04-22 22:26:06","9","0","ORIGINATOR_CANCEL","bb1ad05f-2b36-49bf-8165-a11edd1ae066","","1000","",""
"1000","1000","20006","default","2021-04-22 22:25:22","2021-04-22 22:25:36","2021-04-22 22:26:08","46","32","NORMAL_UNSPECIFIED","5489a85e-62d1-41cc-a1f3-97000639cb9e","","1000","opus","opus"
"1000","1000","20006","default","2021-04-22 22:33:31","2021-04-22 22:33:43","2021-04-22 22:34:15","44","32","NORMAL_UNSPECIFIED","53716dff-d0fd-4a07-8ff2-b1de366df792","","1000","opus","opus"
"1000","1000","20006","default","2021-04-22 22:38:42","","2021-04-22 22:38:54","12","0","NORMAL_CLEARING","7c437760-ab19-4ae2-8901-297bf3ee474d","","1000","",""
"1000","1000","20006","default","2021-04-22 22:39:06","","2021-04-22 22:39:18","12","0","NORMAL_CLEARING","def1202d-7d50-40af-80f2-45e5e983f6db","","1000","",""
"1000","1000","20006","default","2021-04-22 22:39:40","2021-04-22 22:39:51","2021-04-22 22:40:23","43","32","NORMAL_UNSPECIFIED","9e4835e1-0d75-4c23-8e7b-9e4900a9d095","","1000","opus","opus"
"1000","1000","20006","default","2021-04-22 22:53:13","2021-04-22 22:53:25","2021-04-22 22:53:57","44","32","NORMAL_UNSPECIFIED","20c1d353-db3f-4351-9635-cb3d06d46fd0","","1000","opus","opus"
"1000","1000","20006","default","2021-04-22 23:14:01","2021-04-22 23:14:13","2021-04-22 23:14:45","44","32","NORMAL_UNSPECIFIED","421d87e0-0661-4b9f-953c-4d6184a60c78","","1000","opus","opus"
"1000","1000","20006","default","2021-04-22 23:27:07","2021-04-22 23:27:19","2021-04-22 23:27:52","45","33","NORMAL_UNSPECIFIED","60621bba-72bb-4b15-8c62-16079032fd31","","1000","opus","opus"
"1000","1000","20006","default","2021-04-22 23:27:41","2021-04-22 23:27:52","2021-04-22 23:28:24","43","32","NORMAL_UNSPECIFIED","8ac2f744-ab0c-47a5-b0e3-b44128e53c54","","1000","opus","opus"
"1000","1000","20006","default","2021-04-22 23:42:17","2021-04-22 23:42:29","2021-04-22 23:43:01","44","32","NORMAL_UNSPECIFIED","d6aa560b-29aa-483e-9cf7-c0bb723ea548","","1000","opus","opus"
"1000","1000","20006","default","2021-04-22 23:49:10","","2021-04-22 23:49:16","6","0","ORIGINATOR_CANCEL","e58b5e0a-cb20-470c-9c02-d847cc446f0b","","1000","",""
"1000","1000","20006","default","2021-04-22 23:49:45","2021-04-22 23:49:57","2021-04-22 23:50:29","44","32","NORMAL_UNSPECIFIED","291f7c13-6c18-4b73-ad7e-fa199785bb37","","1000","opus","opus"
"1000","1000","20006","default","2021-04-23 00:06:54","","2021-04-23 00:07:06","12","0","NORMAL_CLEARING","51f8a9db-0de0-43b6-aa43-1a4656073f4e","","1000","",""
"1000","1000","20006","default","2021-04-23 00:08:50","2021-04-23 00:09:02","2021-04-23 00:09:34","44","32","NORMAL_UNSPECIFIED","4476eb7e-4957-4706-b8a0-fca18ca8d88a","","1000","opus","opus"
"1000","1000","20006","default","2021-04-23 00:21:31","2021-04-23 00:21:44","2021-04-23 00:22:16","45","32","NORMAL_UNSPECIFIED","3df2db57-2634-431f-be7a-523305a5f234","","1000","opus","opus"
"1000","1000","20006","default","2021-04-23 00:32:29","2021-04-23 00:32:41","2021-04-23 00:33:13","44","32","NORMAL_UNSPECIFIED","84bee3bf-1fc4-43bc-b938-2abb96c36181","","1000","opus","opus"
"1000","1000","+8420006","default","2021-04-23 10:39:50","","2021-04-23 10:39:54","4","0","ORIGINATOR_CANCEL","6a771c18-05c5-4644-b724-999dbe193349","","1000","",""
"1000","1000","20006","default","2021-04-23 10:41:09","2021-04-23 10:41:22","2021-04-23 10:41:51","42","29","NORMAL_CLEARING","d643c290-c33a-4b1f-9b67-cf88ceb4860d","","1000","opus","opus"
"1000","1000","+8420006","default","2021-04-23 10:43:00","","2021-04-23 10:43:02","2","0","ORIGINATOR_CANCEL","721c8f8a-b843-4000-85d8-126da71b3083","","1000","",""
"1000","1000","20006","default","2021-04-23 10:43:03","","2021-04-23 10:43:12","9","0","ORIGINATOR_CANCEL","148139fe-afad-4755-a4f7-1589fa802b47","","1000","",""
"1000","1000","20006","default","2021-04-23 10:44:11","2021-04-23 10:44:24","2021-04-23 10:44:53","42","29","NORMAL_CLEARING","2270f5e2-9ec2-4b8b-8517-3323e02b384d","","1000","opus","opus"
"1000","1000","20006","default","2021-04-23 10:52:46","2021-04-23 10:52:58","2021-04-23 10:53:27","41","29","NORMAL_CLEARING","c2c8a916-c5d0-4045-9538-dee3ef74a9b7","","1000","opus","opus"
"1000","1000","20006","default","2021-04-23 10:54:03","2021-04-23 10:54:15","2021-04-23 10:54:43","40","28","NORMAL_CLEARING","ddcabb9a-80b1-4fb2-8e07-5ca0552fcc74","","1000","opus","opus"
"1000","1000","20006","default","2021-04-23 11:08:00","2021-04-23 11:08:13","2021-04-23 11:08:42","42","29","NORMAL_CLEARING","df39ae0b-80da-4f54-98f3-4c8658f171c7","","1000","opus","opus"
"1000","1000","20006","default","2021-04-23 11:15:43","2021-04-23 11:15:55","2021-04-23 11:16:24","41","29","NORMAL_CLEARING","5f893bd7-e8d9-48f4-8dba-f9837af56d66","","1000","opus","opus"
"1000","1000","20006","default","2021-04-23 11:18:47","2021-04-23 11:18:59","2021-04-23 11:19:27","40","28","NORMAL_CLEARING","1afd8592-dd8f-4cad-b110-07e8279b84a5","","1000","opus","opus"
"1000","1000","20006","default","2021-04-23 11:26:01","2021-04-23 11:26:13","2021-04-23 11:26:46","45","33","NORMAL_UNSPECIFIED","1d406191-0f03-4887-9653-bd6d4787ea6d","","1000","opus","opus"
"1000","1000","20006","default","2021-04-23 11:42:03","2021-04-23 11:42:15","2021-04-23 11:42:47","44","32","NORMAL_UNSPECIFIED","4f8ba72d-ed6b-40f2-914d-bf61cbfee82d","5c864bec-7e81-4fce-a77e-1e1cc2fdf8fa","1000","opus","opus"
"1000","1000","20006","default","2021-04-23 11:47:36","","2021-04-23 11:47:46","10","0","NORMAL_CLEARING","d69bb6fe-a223-4b47-b8e8-956827abe46e","","1000","",""
"1000","1000","20006","default","2021-04-23 11:48:38","","2021-04-23 11:48:48","10","0","NORMAL_CLEARING","78a8a8a4-a68f-4967-b076-b09665b5d628","","1000","",""
"1000","1000","20006","default","2021-04-23 11:49:33","2021-04-23 11:49:45","2021-04-23 11:50:17","44","32","NORMAL_UNSPECIFIED","3e5b8ba8-4cce-4427-8606-7636b5f80d9c","35eec05b-ceb6-404d-bf7d-4658ca03b325","1000","opus","opus"
"1000","1000","20006","default","2021-04-23 11:52:50","","2021-04-23 11:52:51","1","0","ORIGINATOR_CANCEL","fc98ab5d-e89a-44f8-92c1-98d5a9caacc4","","1000","",""
"1000","1000","+8420006","default","2021-04-23 14:19:02","","2021-04-23 14:19:05","3","0","ORIGINATOR_CANCEL","111524af-13f2-4a7e-93c7-0769b794c478","","1000","",""
"1000","1000","20006","default","2021-04-23 14:19:32","","2021-04-23 14:19:44","12","0","NORMAL_CLEARING","4d4b207a-8d55-4500-968f-a5cdbbae240d","","1000","",""
"1000","1000","20006","default","2021-04-23 14:20:27","2021-04-23 14:20:39","2021-04-23 14:21:11","44","32","NORMAL_UNSPECIFIED","f345ef0a-e341-4cfe-9b5b-e8bc269f7e37","d6f24726-d904-4179-90dd-d521cec9fac7","1000","opus","opus"
"1000","1000","20006","default","2021-04-23 14:21:30","2021-04-23 14:21:41","2021-04-23 14:22:20","50","39","NORMAL_UNSPECIFIED","cbe0ed39-7e44-4d97-9686-b62d80c6de25","","1000","opus","opus"
"1000","1000","20006","default","2021-04-23 14:23:23","2021-04-23 14:23:37","2021-04-23 14:24:09","46","32","NORMAL_UNSPECIFIED","45113e7d-6707-49d7-b33a-081191c25bb0","eac2357a-ca1c-491a-85dc-7564777bd2f4","1000","opus","opus"
"1000","1000","20006","default","2021-04-23 14:31:24","2021-04-23 14:31:36","2021-04-23 14:32:08","44","32","NORMAL_UNSPECIFIED","16eddf0c-3c3e-472a-b604-9f83f8bfe561","2c6d7411-e25d-4ef7-b823-e82a26b8768c","1000","opus","opus"
"1000","1000","20006","default","2021-04-23 14:36:18","2021-04-23 14:36:31","2021-04-23 14:37:03","45","32","NORMAL_UNSPECIFIED","22ccbe31-dbf5-4caf-9c59-d8751c9864a4","a5f946c3-5440-40a3-bbc7-9514b28fb224","1000","opus","opus"
"1000","1000","20006","default","2021-04-23 14:42:35","2021-04-23 14:42:47","2021-04-23 14:43:19","44","32","NORMAL_UNSPECIFIED","8f3ba483-14df-46f9-b27f-7dda69eb422d","a3cad7da-36d7-4069-b07a-b21ce4e08292","1000","opus","opus"
"1000","1000","20006","default","2021-04-23 14:47:06","2021-04-23 14:47:19","2021-04-23 14:47:51","45","32","NORMAL_UNSPECIFIED","da654945-80e6-479d-877e-735926c30b0f","58bd27f1-10f6-4d0c-8e15-9861b35dbd95","1000","opus","opus"
"1000","1000","20006","default","2021-04-23 14:48:56","2021-04-23 14:49:08","2021-04-23 14:49:40","44","32","NORMAL_UNSPECIFIED","ca8ac902-5545-4735-8961-a981950f7f4b","4045ee4b-cf63-40a4-b9c7-a827451aed54","1000","opus","opus"
"1000","1000","20006","default","2021-04-23 14:50:39","2021-04-23 14:50:51","2021-04-23 14:51:23","44","32","NORMAL_UNSPECIFIED","17d80383-b2bd-4b96-82d2-02206e51a5e4","aa94aafa-695c-4cee-8ec0-674a32fee9a2","1000","opus","opus"
"1000","1000","20006","default","2021-04-23 15:09:51","2021-04-23 15:10:03","2021-04-23 15:10:35","44","32","NORMAL_UNSPECIFIED","c78f523a-aa42-4acc-af07-e0ef91fac34f","10d88daa-421c-41ac-b0ce-e3f8ca561dff","1000","opus","opus"
"1000","1000","20006","default","2021-04-23 15:13:17","2021-04-23 15:13:29","2021-04-23 15:14:01","44","32","NORMAL_UNSPECIFIED","5f15046b-3f10-4739-bfbe-fe4832c2e908","3db50e8c-18c4-4f01-bafe-6f53500abf57","1000","opus","opus"
"1000","1000","20006","default","2021-04-23 15:25:19","2021-04-23 15:25:31","2021-04-23 15:26:03","44","32","NORMAL_UNSPECIFIED","deab5169-63c9-4007-ae33-092acfbff88d","6d137c5b-fa4e-48d9-b58e-ba6c48971485","1000","opus","opus"
"1000","1000","+8420006","default","2021-04-24 09:01:16","","2021-04-24 09:01:25","9","0","ORIGINATOR_CANCEL","e7fb469d-cb9f-44f0-8003-50c388d07b43","","1000","",""
"1000","1000","20006","default","2021-04-24 09:01:38","2021-04-24 09:01:51","2021-04-24 09:02:45","67","54","NORMAL_UNSPECIFIED","10a63d40-61eb-463c-b138-e23d11ec77ae","","1000","opus","opus"
"1000","1000","20006","default","2021-04-24 09:05:39","2021-04-24 09:05:51","2021-04-24 09:06:44","65","53","NORMAL_UNSPECIFIED","0bcff5d6-f627-4823-a282-50c65ef9b0da","","1000","opus","opus"
"1000","1000","20006","default","2021-04-24 09:08:55","2021-04-24 09:09:08","2021-04-24 09:10:03","68","55","NORMAL_UNSPECIFIED","3f3b7cf7-be81-4f56-afc4-f3f1d55e9a65","","1000","opus","opus"
"1000","1000","20006","default","2021-04-24 09:12:35","2021-04-24 09:12:49","2021-04-24 09:13:23","48","34","NORMAL_UNSPECIFIED","d1103823-3bd2-4a7b-912b-0a7f9bf28461","","1000","opus","opus"
"1000","1000","20006","default","2021-04-24 09:26:57","2021-04-24 09:27:09","2021-04-24 09:27:24","27","15","NORMAL_CLEARING","9fe7665c-18a0-4220-b8a7-2dfd4af90ab9","","1000","opus","opus"
"1000","1000","20006","default","2021-04-24 09:32:17","2021-04-24 09:32:30","2021-04-24 09:32:57","40","27","NORMAL_CLEARING","772e61ca-92ac-4124-9022-9ef5c36d9d25","","1000","opus","opus"
"1000","1000","20006","default","2021-04-24 11:32:53","2021-04-24 11:33:04","2021-04-24 11:34:01","68","57","NORMAL_UNSPECIFIED","c4fb54d1-4980-4e1f-8f1b-c610afed1768","","1000","opus","opus"
"1000","1000","+8420006","default","2021-04-24 13:26:24","","2021-04-24 13:26:34","10","0","NORMAL_CLEARING","29b03f2a-9360-4537-9c08-f2ca8aaf96c1","","1000","",""
"1000","1000","20006","default","2021-04-24 13:26:49","","2021-04-24 13:27:00","11","0","NORMAL_CLEARING","2b386629-234f-4c90-9fe3-33635e386964","","1000","",""
"1000","1000","20006","default","2021-04-24 13:27:48","2021-04-24 13:28:02","2021-04-24 13:30:07","139","125","NORMAL_UNSPECIFIED","21bc7ee9-f3ad-4755-aee5-b1122323778b","","1000","opus","opus"
"1000","1000","20006","default","2021-04-24 13:36:30","2021-04-24 13:36:42","2021-04-24 13:38:57","147","135","NORMAL_UNSPECIFIED","83df76ed-9094-401e-bf3e-6778bbc43bed","","1000","opus","opus"
"1000","1000","20006","default","2021-04-24 13:47:05","2021-04-24 13:47:17","2021-04-24 13:49:31","146","134","NORMAL_UNSPECIFIED","f194b55b-3a03-4290-be26-09004cfaae16","","1000","opus","opus"
"1000","1000","20006","default","2021-04-24 14:19:27","2021-04-24 14:19:39","2021-04-24 14:20:25","58","46","NORMAL_UNSPECIFIED","ea08c8ca-c900-4bb9-aea3-a9ca09d87cb7","","1000","opus","opus"
"1000","1000","20006","default","2021-04-24 14:36:55","2021-04-24 14:37:09","2021-04-24 14:37:41","46","32","NORMAL_UNSPECIFIED","857675ef-872e-4bc2-8f78-eeab31a91a10","003093b3-97f9-4605-8957-8f6a7b72aea6","1000","opus","opus"
"1000","1000","20006","default","2021-04-24 14:43:30","2021-04-24 14:43:42","2021-04-24 14:44:14","44","32","NORMAL_UNSPECIFIED","cc8f152a-d4d9-4822-ba71-c0b5bfd02156","f26af12b-f2e6-453d-9d0c-5f4b51aa4762","1000","opus","opus"
"1000","1000","20006","default","2021-04-24 14:57:41","2021-04-24 14:57:53","2021-04-24 14:58:25","44","32","NORMAL_UNSPECIFIED","3a3b55c7-58da-4c93-886c-8e2d14aa8cf9","a65f799c-8fe1-4785-aa5d-1c023423b519","1000","opus","opus"
"1000","1000","20006","default","2021-04-24 15:11:40","2021-04-24 15:11:52","2021-04-24 15:12:08","28","16","NORMAL_CLEARING","985f9399-5c56-42a8-8fb2-df47e130bb6b","","1000","opus","opus"
"1000","1000","20006","default","2021-04-24 15:16:23","2021-04-24 15:16:37","2021-04-24 15:17:09","46","32","NORMAL_UNSPECIFIED","0f3b628e-fda2-4dd7-bbaa-89632b375589","2727aa2f-9888-458e-96a0-107b9e9a6f0b","1000","opus","opus"
"1000","1000","20006","default","2021-04-24 15:30:14","","2021-04-24 15:30:26","12","0","NORMAL_CLEARING","8d3b82d6-d57e-425a-92e0-1604baa49d34","","1000","",""
"1000","1000","20006","default","2021-04-24 15:31:15","","2021-04-24 15:31:28","13","0","NORMAL_CLEARING","f235c931-1302-4453-9daa-10bbd26544bb","","1000","",""
"1000","1000","20006","default","2021-04-24 15:31:34","2021-04-24 15:31:46","2021-04-24 15:32:18","44","32","NORMAL_UNSPECIFIED","d8279aac-1d20-47e7-9d94-43faf42eae56","ffa26b72-e03c-4b7c-ac76-f8a1248c2fa1","1000","opus","opus"
"1000","1000","20006","default","2021-04-24 15:38:40","2021-04-24 15:38:53","2021-04-24 15:39:25","45","32","NORMAL_UNSPECIFIED","6c3e3423-548f-42ef-be2e-0765dcb8a7a3","8ca83166-9f3b-402d-909a-0d895bba87a8","1000","opus","opus"
"1000","1000","20006","default","2021-04-24 15:45:39","2021-04-24 15:45:51","2021-04-24 15:46:23","44","32","NORMAL_UNSPECIFIED","de824edb-2eb3-4d03-92a0-040ff8bd8254","fb993f44-2525-4e7d-8936-afcdca368e81","1000","opus","opus"
"1000","1000","20006","default","2021-04-24 15:55:20","2021-04-24 15:55:32","2021-04-24 15:56:01","41","29","NORMAL_CLEARING","ab6b9455-d379-4df0-be5b-1a4dd1192ea9","","1000","opus","opus"
"1000","1000","20006","default","2021-04-24 15:56:07","2021-04-24 15:56:19","2021-04-24 15:56:44","37","25","NORMAL_CLEARING","bf69c4cc-16e7-42da-94ae-e60799c0ee6e","","1000","opus","opus"
"1000","1000","20006","default","2021-04-24 15:56:56","2021-04-24 15:57:08","2021-04-24 15:57:40","44","32","NORMAL_UNSPECIFIED","bec2e0e7-babd-4dc3-bc05-6405e3f92da9","b7d0f4dc-6d8c-4b83-8bbe-c6855636afbe","1000","opus","opus"
"1000","1000","20006","default","2021-04-24 16:21:49","2021-04-24 16:22:01","2021-04-24 16:22:33","44","32","NORMAL_UNSPECIFIED","0cc24832-35d2-4a3e-9f94-8288ce6931aa","9ce4767e-f2cf-440f-9b5d-90bf7aa8d2af","1000","opus","opus"
"1000","1000","20006","default","2021-04-24 16:25:18","2021-04-24 16:25:29","2021-04-24 16:25:58","40","29","NORMAL_CLEARING","8fa7a6c3-e9b2-41d6-9e56-3c83fbefc53b","","1000","opus","opus"
"1000","1000","20006","default","2021-04-24 16:26:34","2021-04-24 16:26:46","2021-04-24 16:27:15","41","29","NORMAL_CLEARING","5cab1203-db85-473d-af80-a813e469463f","","1000","opus","opus"
"1000","1000","20006","default","2021-04-24 16:29:18","2021-04-24 16:29:30","2021-04-24 16:30:02","44","32","NORMAL_UNSPECIFIED","dc29487f-dc04-42be-a795-bcfb1b0fc41f","","1000","opus","opus"
"1000","1000","20006","default","2021-04-24 16:30:47","2021-04-24 16:30:59","2021-04-24 16:31:31","44","32","NORMAL_UNSPECIFIED","ec40fd1a-21e5-4c6c-ae16-d001085e18dd","","1000","opus","opus"
"1000","1000","20006","default","2021-04-24 16:32:07","2021-04-24 16:32:19","2021-04-24 16:32:45","38","26","NORMAL_CLEARING","355246eb-672e-472d-8ba3-8bfb49d8a18a","","1000","opus","opus"
"1000","1000","20006","default","2021-04-24 17:03:21","2021-04-24 17:03:34","2021-04-24 17:03:44","23","10","NORMAL_CLEARING","51eebb7c-a4ad-4677-ac05-7f2e80cc93e4","","1000","opus","opus"
"1000","1000","+8420001","default","2021-05-05 10:04:56","","2021-05-05 10:04:58","2","0","ORIGINATOR_CANCEL","e8f1738e-7b1b-4904-84b0-dddcbd0a895d","","1000","",""
"1000","1000","20001","default","2021-05-05 10:05:35","","2021-05-05 10:05:45","10","0","NORMAL_CLEARING","4ce1dc41-f4e4-4266-8bca-6d5f3fd7e8ab","","1000","",""
"1000","1000","20001","default","2021-05-05 10:06:33","","2021-05-05 10:06:43","10","0","NORMAL_CLEARING","93f2e7fe-f3e4-457d-bfde-d7b8f245851b","","1000","",""
"1000","1000","golf_1001","default","2021-05-07 15:54:38","","2021-05-07 15:54:49","11","0","NORMAL_CLEARING","3653c420-cbca-443b-a64c-708027538205","","1000","",""
"1000","1000","golf_1001","default","2021-05-07 16:01:08","","2021-05-07 16:01:41","33","0","NORMAL_CLEARING","f0c9e5da-d66f-4655-9a76-7b8396d6e8d1","","1000","",""
"1000","1000","golf_1001","default","2021-05-07 16:06:55","","2021-05-07 16:07:37","42","0","NORMAL_CLEARING","1da685c4-00e4-4545-bddd-868fa8f3f39d","","1000","",""
"1000","1000","golf_1001","default","2021-05-07 16:08:36","","2021-05-07 16:09:08","32","0","NORMAL_CLEARING","cb6aae26-7656-46c1-9323-3b67dd0c39d0","","1000","",""
"1000","1000","golf_1001","default","2021-05-07 16:12:01","","2021-05-07 16:12:32","31","0","NORMAL_CLEARING","361383ae-c906-4351-8631-938a1da10506","","1000","",""
"1000","1000","golf_1001","default","2021-05-07 16:18:55","2021-05-07 16:19:12","2021-05-07 16:19:44","49","32","NORMAL_UNSPECIFIED","4c2e0f73-a5d7-447c-845e-1f53b99ac8f2","a48c067a-cdd4-42f2-bba0-958786f6e25c","1000","opus","opus"
"1000","1000","vbee_1001","default","2021-05-07 16:20:11","2021-05-07 16:20:26","2021-05-07 16:20:58","47","32","NORMAL_UNSPECIFIED","1ab37377-ae0c-4ff7-bb92-e92959455cad","6521eedb-863b-4d84-9b62-8ec149a387f8","1000","opus","opus"
"Outbound Call","1000","vbee_1001","default","2021-05-07 16:15:29","2021-05-07 16:15:32","2021-05-07 16:21:06","337","334","MEDIA_TIMEOUT","bb004595-771b-4ae3-ad53-e65beeef01d7","b46a8b1b-dcc6-4d51-b928-f854131d7a03","1000","opus","opus"
"1000","1000","golf_1001","default","2021-05-08 10:37:32","","2021-05-08 10:37:44","12","0","NORMAL_CLEARING","b9ab5f5a-cf40-44e3-b8d6-04e88785bab1","","1000","",""
"1000","1000","golf_1001","default","2021-05-08 10:37:55","","2021-05-08 10:38:06","11","0","NORMAL_CLEARING","136dc403-890e-420c-b3de-4f639dfc712d","","1000","",""
"1000","1000","golf_1001","default","2021-05-08 10:38:50","2021-05-08 10:39:17","2021-05-08 10:39:49","59","32","NORMAL_UNSPECIFIED","7d4f1e07-7198-45f8-81ab-4d6b52f5606c","2aa61f0c-4183-4974-88a3-54c1de498405","1000","opus","opus"
"1000","1000","golf_1001","default","2021-05-08 10:45:45","2021-05-08 10:46:01","2021-05-08 10:46:10","25","9","NORMAL_CLEARING","8ae2c091-1adc-44dd-b9a2-688b0b9530cb","c0eea8f4-e09b-4960-b75e-c9d52a44a8b8","1000","opus","opus"
"1000","1000","golf_1001","default","2021-05-08 10:50:07","2021-05-08 10:50:26","2021-05-08 10:50:59","52","33","NORMAL_UNSPECIFIED","28d133e7-164a-44d2-b58e-07ac8e1b9fe9","1e80eac6-97ee-4eb5-a2be-81b5142a102f","1000","opus","opus"
"1000","1000","golf_1001","default","2021-05-08 10:51:21","2021-05-08 10:51:35","2021-05-08 10:52:05","44","30","NORMAL_CLEARING","730b40a9-1636-467b-803a-3ecd996bd677","97bee3c4-5081-493f-a596-798e2e43159b","1000","opus","opus"
"1000","1000","golf_1001","default","2021-05-08 11:02:18","2021-05-08 11:02:32","2021-05-08 11:03:04","46","32","NORMAL_UNSPECIFIED","500b269c-5176-431b-9de9-ccf92d49bc63","996205b5-48ae-4279-a915-316627589287","1000","opus","opus"
"1000","1000","golf_1001","default","2021-05-08 11:10:31","2021-05-08 11:10:47","2021-05-08 11:11:19","48","32","NORMAL_UNSPECIFIED","7d8dbbd7-c941-4d4b-a832-74089ab78a0c","b973f0c6-460c-4723-86ed-5ea867246c7e","1000","opus","opus"
"1000","1000","golf_1001","default","2021-05-08 11:20:11","","2021-05-08 11:20:32","21","0","NORMAL_CLEARING","77573be3-1417-4234-8593-66d2aa16c710","","1000","",""
"1000","1000","golf_1001","default","2021-05-08 11:20:46","","2021-05-08 11:21:07","21","0","NORMAL_CLEARING","8e559eeb-3e30-4be9-97e3-62ee9f5f4028","","1000","",""
"1000","1000","golf_1001","default","2021-05-08 11:21:34","2021-05-08 11:21:51","2021-05-08 11:22:23","49","32","NORMAL_UNSPECIFIED","220e1192-a201-40be-a3d8-c0204008f12a","08162def-591d-476b-a209-1257a1789162","1000","opus","opus"
"Outbound Call","1000","vbee_1001","default","2021-05-08 11:27:18","2021-05-08 11:27:24","2021-05-08 11:28:22","64","58","NORMAL_CLEARING","497e0564-fd0e-4107-90ec-c12d280a1cb9","","1000","opus","opus"
"1000","1000","golf_1001","default","2021-05-08 11:30:20","","2021-05-08 11:30:22","2","0","ORIGINATOR_CANCEL","7d50ef54-e50c-4e83-a91f-776359b41ecb","","1000","",""
"1000","1000","+841000","default","2021-05-08 11:43:30","","2021-05-08 11:43:32","2","0","ORIGINATOR_CANCEL","a92a3191-ed27-4a80-96ec-6db68510fe6f","","1000","",""
"1000","1000","vbee_1001","default","2021-05-08 11:43:49","2021-05-08 11:44:02","2021-05-08 11:44:34","45","32","NORMAL_UNSPECIFIED","e6e174c9-4066-4867-9815-08bb9fc4eb60","29587692-ca24-4b8d-bf77-139ae8c64515","1000","opus","opus"
"1000","1000","1001","default","2021-05-08 11:44:47","2021-05-08 11:44:59","2021-05-08 11:45:31","44","32","NORMAL_UNSPECIFIED","e971bfc2-62e1-4237-91c9-8c3297edd482","833d5705-b4f5-4418-b3e0-ef55f3f01d61","1000","opus","opus"
"1000","1000","1001","default","2021-05-08 11:46:47","2021-05-08 11:46:59","2021-05-08 11:47:31","44","32","NORMAL_UNSPECIFIED","872adffc-8099-43f6-9a17-4280a2402e99","ad456105-8232-4a18-800c-0030272ac568","1000","opus","opus"
"1000","1000","1001","default","2021-05-08 11:50:08","2021-05-08 11:50:21","2021-05-08 11:50:54","46","33","NORMAL_UNSPECIFIED","13317168-7c7c-474c-8c79-1fb20cb999e2","778db873-182f-474c-b1d2-e61054f4de9e","1000","opus","opus"
"1000","1000","1001","default","2021-05-08 11:51:01","2021-05-08 11:51:14","2021-05-08 11:51:46","45","32","NORMAL_UNSPECIFIED","38c245ef-6dd6-4db1-8f4d-70d24195fc6a","6f6567e1-f426-48b5-b228-8ce6b7ad5649","1000","opus","opus"
"1000","1000","1001","default","2021-05-08 11:55:55","2021-05-08 11:56:16","2021-05-08 11:56:48","53","32","NORMAL_UNSPECIFIED","93141221-712a-45e8-940f-1db75c0e20b8","40ec26f8-d9bb-4aeb-8bba-e8e85aeb3bd5","1000","opus","opus"
"1000","1000","+841000","default","2021-05-08 14:12:12","","2021-05-08 14:12:15","3","0","ORIGINATOR_CANCEL","fb7e3f26-4af7-4b5a-8d1c-23363be20528","","1000","",""
"1000","1000","1001","default","2021-05-08 14:12:28","2021-05-08 14:12:40","2021-05-08 14:13:12","44","32","NORMAL_UNSPECIFIED","cf62e3b1-874c-4f55-8d04-4897404cd337","cdaf88cd-17fc-4b98-9e99-db5dec7d436c","1000","opus","opus"
"1000","1000","1001","default","2021-05-08 14:15:01","2021-05-08 14:15:12","2021-05-08 14:15:44","43","32","NORMAL_UNSPECIFIED","eb711e0c-aa3c-4cce-bfd9-d4573bce32a4","17a80c91-402e-4d1b-8341-f1d36eb006ec","1000","opus","opus"
"1000","1000","1001","default","2021-05-08 14:22:24","2021-05-08 14:22:38","2021-05-08 14:23:10","46","32","NORMAL_UNSPECIFIED","080ef60e-49a9-4187-99af-9aa942cbe247","97271855-3081-4897-8b3b-38922f2bb9b9","1000","opus","opus"
"1000","1000","1001","default","2021-05-08 14:24:25","2021-05-08 14:24:36","2021-05-08 14:25:08","43","32","NORMAL_UNSPECIFIED","4a052adc-7202-4749-9802-d90926de3bf8","6ff3a030-1d8c-42ed-8766-1e0e2e6a8ffd","1000","opus","opus"
"1000","1000","1001","default","2021-05-08 14:32:54","2021-05-08 14:33:06","2021-05-08 14:33:38","44","32","NORMAL_UNSPECIFIED","86861152-b80b-4fdf-83f5-f3ae9ca80b4d","8762f43c-c6ab-49c3-9a0a-6146021e3520","1000","opus","opus"
"1000","1000","1001","default","2021-05-08 14:38:04","2021-05-08 14:38:17","2021-05-08 14:38:49","45","32","NORMAL_UNSPECIFIED","f2180e18-ee47-4b02-b77f-bebf2acdc936","c15b17dc-f434-4236-b58b-dd145d8ed10b","1000","opus","opus"
"1000","1000","1001","default","2021-05-08 14:43:05","2021-05-08 14:43:18","2021-05-08 14:43:50","45","32","NORMAL_UNSPECIFIED","c30dbdc1-9f5a-4929-9930-2e64657994fc","9167040a-dbf3-46b5-82ec-499036d9597c","1000","opus","opus"
"1000","1000","1001","default","2021-05-08 14:48:52","2021-05-08 14:49:06","2021-05-08 14:49:38","46","32","NORMAL_UNSPECIFIED","151f3ca6-e74a-4930-9cde-d599ffc094a8","145652ac-7a61-4a9b-8c58-d002055b4a2f","1000","opus","opus"
"1000","1000","1001","default","2021-05-08 14:49:46","2021-05-08 14:49:58","2021-05-08 14:50:30","44","32","NORMAL_UNSPECIFIED","f5a903a2-ed7f-4dba-87e3-ebb1aff1c84f","d74fed1f-a87b-4a8e-8685-dad532991728","1000","opus","opus"
"Outbound Call","1000","vbee_1001","default","2021-05-08 15:03:28","2021-05-08 15:03:30","2021-05-08 15:03:45","17","15","NORMAL_CLEARING","bf1786d4-eb53-42f5-90b9-fcbfb86e1ad6","","1000","opus","opus"
"1000","1000","vbee_1001","default","2021-05-08 15:04:40","2021-05-08 15:04:54","2021-05-08 15:05:26","46","32","NORMAL_UNSPECIFIED","6d65b159-6201-49ac-b405-619fb7e4a9e7","a03e1d91-0c12-414d-bee8-e9fc47e0f279","1000","opus","opus"
"1000","1000","golf_1001","default","2021-05-08 15:05:48","2021-05-08 15:06:02","2021-05-08 15:06:34","46","32","NORMAL_UNSPECIFIED","b884349d-c3df-4822-934a-cb1f18f1bcab","","1000","opus","opus"
"Outbound Call","1000","1000","default","2021-05-08 15:02:33","2021-05-08 15:02:37","2021-05-08 15:08:11","338","334","MEDIA_TIMEOUT","f18a0f73-472c-4194-8663-d2ff24d817d3","","1000","opus","opus"
"1000","1000","vbee_1001","default","2021-05-08 15:08:43","2021-05-08 15:09:01","2021-05-08 15:09:33","50","32","NORMAL_UNSPECIFIED","6a2684b9-0872-420a-80f0-2637e7bd101e","","1000","opus","opus"
"1000","1000","golf_1001","default","2021-05-08 15:16:38","2021-05-08 15:16:53","2021-05-08 15:17:25","47","32","NORMAL_UNSPECIFIED","4dda1d6f-9040-4462-ad69-980416995f93","","1000","opus","opus"
"1000","1000","golf_1001","default","2021-05-08 15:23:11","2021-05-08 15:23:25","2021-05-08 15:23:57","46","32","NORMAL_UNSPECIFIED","b6217503-7354-4a5a-b06e-29c17c41d103","","1000","opus","opus"
"1000","1000","golf_1001","default","2021-05-08 15:26:04","2021-05-08 15:26:19","2021-05-08 15:26:51","47","32","NORMAL_UNSPECIFIED","5921902f-bc45-47f8-ad92-6935ddcef28f","","1000","opus","opus"
"1000","1000","golf_1001","default","2021-05-08 15:44:14","2021-05-08 15:44:43","2021-05-08 15:45:15","61","32","NORMAL_UNSPECIFIED","e53c7520-aa06-4e84-aea1-e608e4987edd","e0420332-8f1c-454c-b949-6a189195b8b9","1000","opus","opus"
"1000","1000","vbee_1001","default","2021-05-08 15:47:51","2021-05-08 15:48:16","2021-05-08 15:48:48","57","32","NORMAL_UNSPECIFIED","df15e521-eeff-473d-ac36-87398fbe0a0a","4cae249f-1615-4e48-8b41-63f2b731d6ff","1000","opus","opus"
"1000","1000","golf_1001","default","2021-05-08 15:50:35","2021-05-08 15:50:59","2021-05-08 15:51:31","56","32","NORMAL_UNSPECIFIED","5a8a9ab5-27b3-4f5a-85b4-599fed857ab6","f586e9be-99e6-404b-8f61-1e4fe0ce826d","1000","opus","opus"
"1000","1000","golf_1001","default","2021-05-08 15:51:50","","2021-05-08 15:52:22","32","0","NORMAL_CLEARING","66e8550a-bffc-47f0-950c-8684ff5c17dd","","1000","",""
"1000","1000","vbee_1001","default","2021-05-08 15:52:26","2021-05-08 15:52:40","2021-05-08 15:53:12","46","32","NORMAL_UNSPECIFIED","308355c1-fbd0-4bfc-a9a3-89d47de1ec5b","","1000","opus","opus"
"1000","1000","+841001","default","2021-05-10 09:10:05","","2021-05-10 09:10:07","2","0","ORIGINATOR_CANCEL","12661ac3-42d1-4e8b-91ff-ad8b21be592b","","1000","",""
"1000","1000","1001","default","2021-05-10 09:10:20","2021-05-10 09:11:00","2021-05-10 09:11:32","72","32","NORMAL_UNSPECIFIED","80c5daa9-c3a3-4237-9d75-1a35e4211d4c","a5577f69-b4b3-454c-8d51-be3e5591971d","1000","opus","opus"
"1000","1000","1001","default","2021-05-10 09:13:06","2021-05-10 09:13:18","2021-05-10 09:13:50","44","32","NORMAL_UNSPECIFIED","49546dc8-6d0b-4e81-ab70-4f5d0d60642c","e2e4f1ec-e713-46cd-936e-cabbf68df35c","1000","opus","opus"
"1000","1000","1001","default","2021-05-10 09:16:53","2021-05-10 09:17:06","2021-05-10 09:17:38","45","32","NORMAL_UNSPECIFIED","018c7628-f136-4a6a-8ee3-69f0460ec3ed","8bdf5713-fd5a-4b53-b728-70c8002f9f60","1000","opus","opus"
"1000","1000","1001","default","2021-05-10 09:28:46","2021-05-10 09:29:00","2021-05-10 09:29:12","26","12","NORMAL_CLEARING","bdc7d1e9-468c-479e-abd9-6ccc7761312c","e18f58c5-2652-4804-a352-b6ec933cc7d3","1000","opus","opus"
"1000","1000","1002","default","2021-05-10 09:32:43","2021-05-10 09:32:57","2021-05-10 09:33:29","46","32","NORMAL_UNSPECIFIED","10968f8c-851e-41e5-a85f-40406b842ad3","bb909c99-ba82-445e-8757-b15c3e26ec52","1000","opus","opus"
"1000","1000","1001","default","2021-05-10 09:33:32","2021-05-10 09:33:45","2021-05-10 09:34:17","45","32","NORMAL_UNSPECIFIED","14b201f0-31f5-4657-a450-6a9916c1a58d","a222483c-b0e4-4d3a-a390-8148f191aebd","1000","opus","opus"
"1000","1000","1001","default","2021-05-10 09:35:34","2021-05-10 09:35:46","2021-05-10 09:36:18","44","32","NORMAL_UNSPECIFIED","34600fee-a2be-4cd7-9d2d-b3332877e2d6","f8d063c4-40fe-460b-9787-b8d626c73137","1000","opus","opus"
"1000","1000","1001","default","2021-05-10 09:44:53","2021-05-10 09:45:06","2021-05-10 09:45:38","45","32","NORMAL_UNSPECIFIED","20ab4d91-9ce2-40de-9aeb-aa557de605a5","b69a2394-6f19-4e9c-99de-dc45fff9bb09","1000","opus","opus"
"1000","1000","1001","default","2021-05-10 09:51:47","2021-05-10 09:52:02","2021-05-10 09:52:34","47","32","NORMAL_UNSPECIFIED","be8d1f7a-8f0d-4189-9f50-a818adc475f6","1e6a69e4-f858-4fcf-8818-90b7dfa0d6ff","1000","opus","opus"
"1000","1000","1001","default","2021-05-10 09:52:22","2021-05-10 09:52:34","2021-05-10 09:53:06","44","32","NORMAL_UNSPECIFIED","8bb05ee1-6f5c-4c4b-a0d4-f19d3d7d044d","c04476a7-0035-4124-b46b-5d2c9677d445","1000","opus","opus"
"1000","1000","1001","default","2021-05-10 09:53:27","2021-05-10 09:53:39","2021-05-10 09:54:11","44","32","NORMAL_UNSPECIFIED","b5447d8a-e984-4e24-af2a-1b79e2e4d65f","d263e342-14cf-4884-8b64-56bc9ebabcad","1000","opus","opus"
"1000","1000","1001","default","2021-05-10 09:55:00","2021-05-10 09:55:12","2021-05-10 09:55:44","44","32","NORMAL_UNSPECIFIED","34132db2-fe5e-4dd1-936c-17bfd261b7d6","881e1e9e-36ef-4ec8-9e88-d64f0e6034b5","1000","opus","opus"
"1000","1000","1001","default","2021-05-10 10:02:39","2021-05-10 10:02:51","2021-05-10 10:03:23","44","32","NORMAL_UNSPECIFIED","6a3b01f4-f2ae-4a0f-b911-44b4c0b9a53a","d7cce35c-06a0-4d12-bc34-d1bdb923edcf","1000","opus","opus"
"1000","1000","1001","default","2021-05-10 10:04:56","2021-05-10 10:05:08","2021-05-10 10:05:27","31","19","NORMAL_CLEARING","caaeec3b-1113-4eac-89ea-c4e88e5e553d","c6ee8967-3766-4991-b5e8-1e1cd21982da","1000","opus","opus"
"1000","1000","1001","default","2021-05-10 10:06:42","2021-05-10 10:06:54","2021-05-10 10:07:26","44","32","NORMAL_UNSPECIFIED","58397ee0-a9b3-4f4b-af48-04f090ef0407","fb8cde9f-a8e8-4fba-9da9-2517309b1d03","1000","opus","opus"
"1000","1000","1001","default","2021-05-10 10:29:52","2021-05-10 10:30:03","2021-05-10 10:30:35","43","32","NORMAL_UNSPECIFIED","d313cf90-609d-494c-81c1-2e6c315ec946","9ab2667f-de53-4e22-a5e5-201fe8646460","1000","opus","opus"
"1000","1000","1001","default","2021-05-10 10:31:30","2021-05-10 10:31:42","2021-05-10 10:37:02","332","320","NORMAL_UNSPECIFIED","f937184d-617a-4cc8-b95c-9449beaa6e7f","51c850c1-fedb-47b7-846a-7f64d64d4ae1","1000","opus","opus"
"1000","1000","1002","default","2021-05-10 10:36:32","2021-05-10 10:36:46","2021-05-10 10:42:06","334","320","NORMAL_UNSPECIFIED","220f34b2-c6ce-4f28-837c-8ad936b0be40","b830452a-b0be-414c-899e-38e949342378","1000","opus","opus"
"1000","1000","1001","default","2021-05-10 10:37:35","2021-05-10 10:37:49","2021-05-10 10:43:09","334","320","NORMAL_UNSPECIFIED","49558c43-033a-49a7-8fda-10a98a512bf6","3e46c4b6-9028-453e-b17f-d55d320e077b","1000","opus","opus"
"1000","1000","1001","default","2021-05-10 10:51:04","2021-05-10 10:51:19","2021-05-10 10:56:39","335","320","NORMAL_UNSPECIFIED","f9e13237-a2d1-4fbe-9b8f-cf7f067c1ad7","db2f361e-8275-4a84-b3d1-b71c2a491810","1000","opus","opus"
"1000","1000","1001","default","2021-05-10 11:02:38","2021-05-10 11:02:50","2021-05-10 11:08:10","332","320","NORMAL_UNSPECIFIED","aff0989e-3809-4bb9-8ada-791d9238e0ca","64fc9650-eaa7-415b-919f-0f4f97575463","1000","opus","opus"
"1000","1000","1001","default","2021-05-10 11:05:44","2021-05-10 11:05:55","2021-05-10 11:11:15","331","320","NORMAL_UNSPECIFIED","3903204d-7938-4427-bc4b-6b0cade8f2ed","","1000","opus","opus"
"1000","1000","1001","default","2021-05-10 11:09:16","2021-05-10 11:09:33","2021-05-10 11:14:53","337","320","NORMAL_UNSPECIFIED","be540ae3-d90f-473a-9e05-37813ff680fa","","1000","opus","opus"
"1000","1000","1001","default","2021-05-10 11:12:38","2021-05-10 11:12:51","2021-05-10 11:18:11","333","320","NORMAL_UNSPECIFIED","a5ee32db-b429-4e93-8258-e0f19e570709","","1000","opus","opus"
"1000","1000","1002","default","2021-05-10 11:14:59","2021-05-10 11:15:13","2021-05-10 11:20:33","334","320","NORMAL_UNSPECIFIED","706a1ab7-e7fd-4617-a4c7-08b2ba819ce8","eb81a815-691c-4f06-8e62-67aa17c24bab","1000","opus","opus"
"1000","1000","1001","default","2021-05-10 11:15:57","2021-05-10 11:16:08","2021-05-10 11:21:28","331","320","NORMAL_UNSPECIFIED","2e63d4e3-f724-4ccf-be8b-5dc267d63304","cf8473f9-fb46-4ba8-99a5-eb30cdc616a1","1000","opus","opus"
"1000","1000","1001","default","2021-05-10 11:17:58","2021-05-10 11:18:11","2021-05-10 11:23:31","333","320","NORMAL_UNSPECIFIED","4f631735-b64c-48bc-a5ab-9403e7d9a857","","1000","opus","opus"
"1000","1000","1001","default","2021-05-10 11:29:49","2021-05-10 11:30:01","2021-05-10 11:35:12","323","311","MEDIA_TIMEOUT","fdc468c9-7f3f-441c-ac54-96423bbc2e2f","8b8542ce-a443-446e-95b6-77181d181f2d","1000","opus","opus"
"1000","1000","1001","default","2021-05-10 11:30:17","2021-05-10 11:30:29","2021-05-10 11:35:49","332","320","NORMAL_UNSPECIFIED","897e96c6-e082-456c-b595-bec7b8051d7a","","1000","opus","opus"
"1000","1000","1001","default","2021-05-10 11:33:33","2021-05-10 11:33:45","2021-05-10 11:39:03","330","318","MEDIA_TIMEOUT","b9154f86-1ae3-48cf-a432-f8b17cf14c7b","","1000","opus","opus"
"1000","1000","1002","default","2021-05-10 11:34:31","2021-05-10 11:34:43","2021-05-10 11:39:50","319","307","MEDIA_TIMEOUT","afbb9b63-c50d-433f-b20f-9cb3a43524cd","d0c4e996-92f6-49cf-8952-920d75bdff23","1000","opus","opus"
"1000","1000","1001","default","2021-05-10 11:37:18","2021-05-10 11:37:29","2021-05-10 11:42:50","332","321","NORMAL_UNSPECIFIED","4f17c142-3228-490c-a5d9-44baaf1876bc","","1000","opus","opus"
"1000","1000","1001","default","2021-05-10 11:41:42","2021-05-10 11:41:57","2021-05-10 11:47:17","335","320","NORMAL_UNSPECIFIED","5347a98f-3bbb-40e5-ab05-4ceba42fded2","","1000","opus","opus"
"1000","1000","1001","default","2021-05-10 11:45:51","2021-05-10 11:46:04","2021-05-10 11:51:24","333","320","NORMAL_UNSPECIFIED","3c4ee750-ca9b-48ed-8c9c-6233a8030ea3","81ce5da6-3a98-4bfe-810a-5821567e098a","1000","opus","opus"
"1000","1000","1001","default","2021-05-10 11:58:54","2021-05-10 11:59:07","2021-05-10 12:04:08","314","301","NORMAL_CLEARING","8e7bf10b-4785-4e52-908c-c85e90f18db9","147200aa-ec6d-42f7-b6e8-a75ff5daf574","1000","opus","opus"
"1000","1000","1001","default","2021-05-10 11:59:31","2021-05-10 11:59:42","2021-05-10 12:04:08","277","266","NORMAL_CLEARING","5456f64a-8475-4302-b1fd-d242579e0a5d","d3c5a374-ba20-45b3-a949-028a73f98188","1000","opus","opus"
"1000","1000","+841001","default","2021-05-10 16:47:17","","2021-05-10 16:47:18","1","0","ORIGINATOR_CANCEL","17757280-eba9-4993-9a15-ff291af83ffd","","1000","",""
"1000","1000","1000","default","2021-05-10 16:47:29","2021-05-10 16:47:44","2021-05-10 16:48:35","66","51","NORMAL_CLEARING","74e1cb41-0d16-436c-ab64-eb6edfe56202","2bb3219e-c613-49d4-9b2a-0154a24ea1d2","1000","opus","opus"
"1000","1000","1001","default","2021-05-10 16:52:50","","2021-05-10 16:53:00","10","0","ORIGINATOR_CANCEL","55b23c33-50bc-4f5d-aaf4-dd3f036a0122","","1000","",""
"1000","1000","1001","default","2021-05-10 16:47:50","2021-05-10 16:48:02","2021-05-10 16:53:22","332","320","NORMAL_UNSPECIFIED","fdf2e3fd-27f3-45a9-a16f-c12ca44b8f7e","","1000","opus","opus"
"1000","1000","1001","default","2021-05-10 16:49:40","2021-05-10 16:49:53","2021-05-10 16:55:13","333","320","NORMAL_UNSPECIFIED","0f98cd4f-e404-4237-9d97-e8b6803accaa","039c7d6e-7a28-4416-b476-beada92688b7","1000","opus","opus"
"1000","1000","1001","default","2021-05-10 16:51:48","2021-05-10 16:52:01","2021-05-10 16:57:19","331","318","MEDIA_TIMEOUT","5c8a708f-cdb5-4218-9e21-3139242bd30e","","1000","opus","opus"
"1000","1000","1001","default","2021-05-10 16:53:03","2021-05-10 16:53:14","2021-05-10 16:58:34","331","320","NORMAL_UNSPECIFIED","2a3897b3-6650-4928-a667-e81f4ebcc09c","649303fc-52f6-4e2a-83ec-42259eb84120","1000","opus","opus"
"1000","1000","1001","default","2021-05-10 16:58:33","2021-05-10 16:58:45","2021-05-10 16:59:11","38","26","NORMAL_CLEARING","56ec3369-3604-480b-b1b8-12fc52ca13f1","2bab2d97-0616-43c4-a16c-9081cad5ed39","1000","opus","opus"
"1000","1000","1001","default","2021-05-10 16:54:12","2021-05-10 16:54:25","2021-05-10 16:59:45","333","320","NORMAL_UNSPECIFIED","2820d262-13f0-4aef-a2f3-e21cfeefd263","8778ea99-d491-4256-9bee-09668e31d502","1000","opus","opus"
"1000","1000","1001","default","2021-05-10 16:56:42","2021-05-10 16:56:55","2021-05-10 17:02:15","333","320","NORMAL_UNSPECIFIED","2558c196-f1e4-49e3-af96-d45e715ed72b","b188fb44-61ac-489b-b40b-d2b63fce53c5","1000","opus","opus"
"1000","1000","1002","default","2021-05-10 16:57:59","2021-05-10 16:58:11","2021-05-10 17:03:28","329","317","MEDIA_TIMEOUT","1c12fd0f-f39e-4f37-9189-4102f0eff333","6dbf00a3-4f38-4ace-b739-4f855d6b2c51","1000","opus","opus"
"1000","1000","1001","default","2021-05-10 16:55:24","2021-05-10 16:55:36","2021-05-10 17:50:14","3290","3278","SYSTEM_SHUTDOWN","4ee8c409-afe7-4e46-89bb-b6fa7fc51e97","f84e989d-24df-40b5-883d-b1868fcc4f7e","1000","opus","opus"
"1000","1000","20006","default","2021-05-11 15:46:31","2021-05-11 15:46:50","2021-05-11 15:52:10","339","320","NORMAL_UNSPECIFIED","590d443d-842a-40a3-87ff-be4267e7bea3","0edf850b-cb68-4ac1-8d69-8fb5f0e17368","1000","opus","opus"
"1000","1000","+8420006","default","2021-05-17 11:05:01","","2021-05-17 11:05:02","1","0","ORIGINATOR_CANCEL","235def2c-684c-46b1-9be4-89b5353f117e","","1000","",""
"1000","1000","20006","default","2021-05-17 11:05:13","2021-05-17 11:05:25","2021-05-17 11:10:58","345","333","NORMAL_UNSPECIFIED","4c19d31b-1e69-4b10-bc77-24a94cf002a4","","1000","opus","opus"
"1000","1000","20006","default","2021-05-17 11:09:03","2021-05-17 11:09:15","2021-05-17 11:11:36","153","141","NORMAL_CLEARING","a5fc2086-41e1-45c6-be52-321adae877ce","","1000","opus","opus"
"1000","1000","20006","default","2021-05-17 11:24:56","2021-05-17 11:25:09","2021-05-17 11:25:45","49","36","NORMAL_CLEARING","1cb80f3c-a242-4af4-af0d-84e9a6fe244b","","1000","opus","opus"
"1000","1000","20006","default","2021-05-17 11:34:50","","2021-05-17 11:34:52","2","0","ORIGINATOR_CANCEL","984d6ae3-9215-4aa3-81be-f3c1779d37f4","","1000","",""
"1000","1000","20006","default","2021-05-17 11:36:31","2021-05-17 11:36:43","2021-05-17 11:37:24","53","41","NORMAL_CLEARING","65f1a5ba-7846-4de7-8913-e983d5ebb3b7","","1000","opus","opus"
"1000","1000","+8420006","default","2021-05-17 13:44:39","","2021-05-17 13:44:41","2","0","ORIGINATOR_CANCEL","e6e1d3d6-40af-44de-9d4d-b3b6c77696e3","","1000","",""
"1000","1000","20006","default","2021-05-17 13:45:27","2021-05-17 13:45:38","2021-05-17 13:46:15","48","37","NORMAL_CLEARING","d9beec4d-7c77-4233-a17e-9f291d548b31","","1000","opus","opus"
"1000","1000","20006","default","2021-05-17 14:04:56","2021-05-17 14:05:08","2021-05-17 14:05:44","48","36","NORMAL_CLEARING","d47474b2-b40d-4e08-8687-3871465134d0","","1000","opus","opus"
"1000","1000","20006","default","2021-05-17 14:16:11","2021-05-17 14:16:23","2021-05-17 14:17:00","49","37","NORMAL_CLEARING","3cc30e9c-f12f-47ee-9f61-b2a6ab0519c4","","1000","opus","opus"
"1000","1000","20006","default","2021-05-17 14:18:42","2021-05-17 14:18:55","2021-05-17 14:19:30","48","35","NORMAL_CLEARING","61edde0f-1a3f-44b5-8c72-cdc8c3358c72","","1000","opus","opus"
"1000","1000","20006","default","2021-05-17 14:42:21","2021-05-17 14:42:33","2021-05-17 14:42:36","15","3","NORMAL_CLEARING","4f562d65-643c-49ea-a895-8d48dac80071","","1000","opus","opus"
"1000","1000","20006","default","2021-05-17 14:44:56","2021-05-17 14:45:08","2021-05-17 14:46:11","75","63","NORMAL_CLEARING","e8f35cba-65e4-4f06-be8a-cb2908a42c46","","1000","opus","opus"
"1000","1000","20006","default","2021-05-17 15:32:24","2021-05-17 15:32:36","2021-05-17 15:32:38","14","2","NORMAL_CLEARING","93f52b7a-b02d-40cc-8695-2cf5cd1ab724","","1000","opus","opus"
"1000","1000","+8420006","default","2021-05-17 15:32:53","","2021-05-17 15:33:03","10","0","NORMAL_CLEARING","d93656e2-1de3-41e9-b0f4-2d5ea19ed2b5","","1000","",""
"1000","1000","20006","default","2021-05-17 15:33:18","2021-05-17 15:33:30","2021-05-17 15:34:07","49","37","NORMAL_CLEARING","dbc2c8f4-1a4c-47f6-a8cd-96071b0c5974","","1000","opus","opus"
"1000","1000","+8420006","default","2021-05-18 09:22:23","","2021-05-18 09:22:25","2","0","ORIGINATOR_CANCEL","e6f8ef5d-c4b5-44e8-8ecb-582e3803f4c6","","1000","",""
"1000","1000","20006","default","2021-05-18 09:22:36","2021-05-18 09:22:48","2021-05-18 09:23:15","39","27","NORMAL_CLEARING","3cd49c91-1f94-44a4-93d8-0c79cbeb9f3c","","1000","opus","opus"
"1000","1000","20006","default","2021-05-18 09:26:40","2021-05-18 09:26:54","2021-05-18 09:27:13","33","19","NORMAL_CLEARING","ac928bef-c96c-41df-96ac-e0a423b6d429","","1000","opus","opus"
"1000","1000","20006","default","2021-05-18 09:32:57","2021-05-18 09:33:10","2021-05-18 09:33:50","53","40","NORMAL_CLEARING","92605ffb-e1eb-458e-aa9c-f61a50a57e4c","","1000","opus","opus"
"1000","1000","20006","default","2021-05-18 10:01:16","2021-05-18 10:01:28","2021-05-18 10:02:07","51","39","NORMAL_CLEARING","455796fd-8929-4d68-88a5-8f6fc7a42d41","","1000","opus","opus"
"1000","1000","20006","default","2021-05-18 11:53:40","2021-05-18 11:53:52","2021-05-18 11:53:54","14","2","NORMAL_CLEARING","1f8f13d3-62e1-4369-a165-c1b8e4a46945","","1000","opus","opus"
"1000","1000","20006","default","2021-05-18 11:53:07","2021-05-18 11:53:18","2021-05-18 11:55:20","133","122","NORMAL_CLEARING","2f8038a2-437c-4ac4-9e3d-fd74f1ddc1ee","","1000","opus","opus"
"1000","1000","20006","default","2021-05-18 11:56:44","2021-05-18 11:56:56","2021-05-18 11:58:58","134","122","NORMAL_CLEARING","68a61a50-bb2e-4d86-a155-162b18768f96","","1000","opus","opus"
"1000","1000","+8420006","default","2021-05-18 14:25:41","","2021-05-18 14:25:51","10","0","NORMAL_CLEARING","12fffded-e200-4c51-8871-401b8025b5f7","","1000","",""
"1000","1000","20006","default","2021-05-18 14:26:10","","2021-05-18 14:26:23","13","0","NORMAL_CLEARING","bc72389f-2261-48f0-9e0f-12c38ecb0731","","1000","",""
"1000","1000","20006","default","2021-05-18 14:27:31","2021-05-18 14:27:43","2021-05-18 14:29:45","134","122","NORMAL_CLEARING","4cc140ac-a46a-41eb-b096-ce7ccdee1665","","1000","opus","opus"
"1000","1000","20006","default","2021-05-18 14:40:03","2021-05-18 14:40:17","2021-05-18 14:41:11","68","54","NORMAL_CLEARING","eebfbf74-6554-4181-b9f0-ee4a2d169022","","1000","opus","opus"
"1000","1000","20006","default","2021-05-18 14:44:38","2021-05-18 14:44:50","2021-05-18 14:45:44","66","54","NORMAL_CLEARING","1f576fc0-e803-4140-a788-8e7dfeacde02","","1000","opus","opus"
"1000","1000","+8420006","default","2021-05-18 14:49:18","","2021-05-18 14:49:21","3","0","ORIGINATOR_CANCEL","981bad41-8989-419e-b2e1-83e2dd66ba51","","1000","",""
"1000","1000","20006","default","2021-05-18 14:48:32","2021-05-18 14:48:46","2021-05-18 14:49:42","70","56","NORMAL_CLEARING","e4e99d9b-dd84-4238-8a0e-f7fa3bd476c5","","1000","opus","opus"
"1000","1000","20006","default","2021-05-18 14:49:23","2021-05-18 14:49:34","2021-05-18 14:50:28","65","54","NORMAL_CLEARING","5f882a1f-a57f-4256-9e54-433bbfd2fdcb","","1000","opus","opus"
"1000","1000","+8420006","default","2021-05-18 14:50:29","","2021-05-18 14:50:30","1","0","ORIGINATOR_CANCEL","1271661a-2e71-41e5-b704-e95e357ca61f","","1000","",""
"1000","1000","20006","default","2021-05-18 14:55:22","2021-05-18 14:55:36","2021-05-18 14:56:29","67","53","NORMAL_CLEARING","8270c082-19bb-42ad-91ef-556441978e5f","","1000","opus","opus"
"1000","1000","20006","default","2021-05-18 15:20:17","2021-05-18 15:20:29","2021-05-18 15:21:16","59","47","NORMAL_CLEARING","e28f9ba3-2c44-4ade-8bd7-6dce1ad40e7e","","1000","opus","opus"
"1000","1000","20006","default","2021-05-18 15:26:38","2021-05-18 15:26:50","2021-05-18 15:27:37","59","47","NORMAL_CLEARING","68dcc946-40ac-4fb7-a13a-4fb669820588","","1000","opus","opus"
"1000","1000","20006","default","2021-05-18 15:55:38","2021-05-18 15:55:50","2021-05-18 15:56:38","60","48","NORMAL_CLEARING","53f86b45-057e-48f5-911d-4392273b8181","","1000","opus","opus"
"1000","1000","20006","default","2021-05-18 15:59:07","2021-05-18 15:59:19","2021-05-18 16:00:02","55","43","NORMAL_CLEARING","76ea0553-dfb9-41f9-a387-fa5d69dd7a05","","1000","opus","opus"
"1000","1000","20006","default","2021-05-18 16:02:15","2021-05-18 16:02:29","2021-05-18 16:03:17","62","48","NORMAL_CLEARING","c274b32f-f15b-44b1-9111-667cdb2e0e0e","","1000","opus","opus"
"1000","1000","20006","default","2021-05-18 16:03:46","2021-05-18 16:03:58","2021-05-18 16:04:44","58","46","NORMAL_CLEARING","81a09051-e563-48c1-b10a-02ce781872c0","","1000","opus","opus"
"1000","1000","20006","default","2021-05-18 16:05:21","2021-05-18 16:05:35","2021-05-18 16:06:30","69","55","NORMAL_CLEARING","c0134aaf-f52c-4bcb-9633-6472ca845369","","1000","opus","opus"
"1000","1000","20006","default","2021-05-18 16:13:12","2021-05-18 16:13:23","2021-05-18 16:13:32","20","9","NORMAL_CLEARING","a712efb1-b8f8-4a8b-8f15-38a81cc05684","","1000","opus","opus"
"1000","1000","20006","default","2021-05-18 16:13:42","2021-05-18 16:13:54","2021-05-18 16:14:03","21","9","NORMAL_CLEARING","cab349ec-c0ab-4f62-984e-3c2d2558ff5f","","1000","opus","opus"
"1000","1000","20006","default","2021-05-18 16:14:48","2021-05-18 16:14:59","2021-05-18 16:15:54","66","55","NORMAL_CLEARING","1d75f395-2f54-4c3b-ad3f-19e311dcbefe","","1000","opus","opus"
"1000","1000","20006","default","2021-05-18 16:22:13","2021-05-18 16:22:25","2021-05-18 16:23:16","63","51","NORMAL_CLEARING","7292ffa6-ff89-4c9f-a55f-1d91049b481d","","1000","opus","opus"
"1000","1000","20006","default","2021-05-18 16:31:31","","2021-05-18 16:31:43","12","0","NORMAL_CLEARING","4d0fd27b-63d1-4c38-9364-ce5136b7fd47","","1000","",""
"1000","1000","20006","default","2021-05-18 16:32:22","","2021-05-18 16:32:24","2","0","ORIGINATOR_CANCEL","badce9ad-f7ae-4e56-abdd-e0950264c282","","1000","",""
"1000","1000","20006","default","2021-05-18 16:32:35","2021-05-18 16:32:46","2021-05-18 16:33:38","63","52","NORMAL_CLEARING","5696d2f4-8d04-48fb-9c67-a3c51a317e7e","","1000","opus","opus"
"1000","1000","20006","default","2021-05-18 16:36:35","2021-05-18 16:36:46","2021-05-18 16:37:37","62","51","NORMAL_CLEARING","6d0bcf96-c9ba-41df-be3b-a718b356ec1a","","1000","opus","opus"
"1000","1000","20006","default","2021-05-18 17:00:03","2021-05-18 17:00:32","2021-05-18 17:01:42","99","70","NORMAL_CLEARING","6e8a118c-9251-4071-9709-8a33d0eb9c2a","","1000","opus","opus"
"1000","1000","20006","default","2021-05-18 17:02:12","","2021-05-18 17:02:15","3","0","ORIGINATOR_CANCEL","f4f223ba-e3e0-43cb-bc9b-60f8e9a2bf83","","1000","",""
"1000","1000","20006","default","2021-05-18 17:02:41","","2021-05-18 17:03:02","21","0","NORMAL_CLEARING","80c475a1-1766-4a1a-b2d0-ef26e2cfb5d2","","1000","",""
"1000","1000","20006","default","2021-05-18 17:03:15","2021-05-18 17:03:27","2021-05-18 17:05:13","118","106","NORMAL_CLEARING","40d32866-a0ea-4c8c-bfad-24a8c1b4729e","","1000","opus","opus"
"1000","1000","20006","default","2021-05-18 17:20:51","2021-05-18 17:21:03","2021-05-18 17:21:57","66","54","NORMAL_CLEARING","05381a3b-9cf0-452a-b14a-16d148de47d9","","1000","opus","opus"
"1000","1000","20006","default","2021-05-18 17:31:24","2021-05-18 17:31:38","2021-05-18 17:31:47","23","9","NORMAL_CLEARING","eb1e947f-5d9d-4e66-8c98-581bdce37ff5","","1000","opus","opus"
"1000","1000","20006","default","2021-05-18 17:32:32","2021-05-18 17:32:44","2021-05-18 17:33:15","43","31","NORMAL_CLEARING","1bcb8589-a63d-490f-8b25-2c6ba7bf1b5f","","1000","opus","opus"
"1000","1000","20006","default","2021-05-19 09:13:15","","2021-05-19 09:13:28","13","0","NORMAL_CLEARING","33b67196-b769-4155-a80f-8d7aaae0483c","","1000","",""
"1000","1000","20006","default","2021-05-19 09:16:15","2021-05-19 09:16:27","2021-05-19 09:16:35","20","8","NORMAL_CLEARING","1cf4d2f0-f310-4d36-8124-c105eaf57106","","1000","opus","opus"
"1000","1000","20006","default","2021-05-19 09:21:16","2021-05-19 09:21:28","2021-05-19 09:21:36","20","8","NORMAL_CLEARING","c3bbfe25-3f1d-4923-a6de-d2e84d360c04","","1000","opus","opus"
"1000","1000","20006","default","2021-05-19 09:31:51","2021-05-19 09:32:03","2021-05-19 09:32:22","31","19","NORMAL_CLEARING","30f9a134-6a06-46f5-b7a7-be8f2c4e51c7","","1000","opus","opus"
"1000","1000","20006","default","2021-05-19 09:44:44","2021-05-19 09:44:58","2021-05-19 09:45:40","56","42","NORMAL_CLEARING","4269ff60-9117-4b9e-b292-d5636e095d72","","1000","opus","opus"
"1000","1000","20006","default","2021-05-19 10:22:01","2021-05-19 10:22:13","2021-05-19 10:22:31","30","18","NORMAL_CLEARING","759206a6-4d2f-4105-a7f1-3dc64b4115bf","","1000","opus","opus"
"1000","1000","20006","default","2021-05-19 10:23:35","2021-05-19 10:23:48","2021-05-19 10:24:35","60","47","NORMAL_CLEARING","3691213c-4795-4f94-96f5-493c14a978ce","","1000","opus","opus"
"1000","1000","20006","default","2021-05-19 10:25:50","","2021-05-19 10:25:55","5","0","ORIGINATOR_CANCEL","853e9dff-6442-4f4a-b339-2b59e51de80d","","1000","",""
"1000","1000","20006","default","2021-05-19 10:29:47","2021-05-19 10:30:00","2021-05-19 10:30:43","56","43","NORMAL_CLEARING","9248615e-c871-4c1e-b709-872b3a11d012","","1000","opus","opus"
"1000","1000","20006","default","2021-05-19 10:53:42","","2021-05-19 10:53:49","7","0","ORIGINATOR_CANCEL","57486ffa-382b-4ebb-afdd-ddfa1be1c107","","1000","",""
"1000","1000","20006","default","2021-05-19 10:57:12","2021-05-19 10:57:24","2021-05-19 10:59:26","134","122","NORMAL_CLEARING","613cca03-52ac-4d52-9d83-8fa2f7b19fcf","","1000","opus","opus"
"1000","1000","20006","default","2021-05-19 11:01:14","2021-05-19 11:01:26","2021-05-19 11:03:28","134","122","NORMAL_CLEARING","47df4305-760c-4e6d-9a36-05de2ffcaf53","","1000","opus","opus"
"1000","1000","20006","default","2021-05-19 11:09:28","2021-05-19 11:09:40","2021-05-19 11:09:43","15","3","NORMAL_CLEARING","6f34ce95-627d-415d-9147-2c26564cd64a","","1000","opus","opus"
"1000","1000","20006","default","2021-05-19 11:09:45","2021-05-19 11:09:56","2021-05-19 11:09:59","14","3","NORMAL_CLEARING","78e5228d-362c-406b-83e8-042e7a5c5b24","","1000","opus","opus"
"1000","1000","20006","default","2021-05-19 11:11:24","2021-05-19 11:11:35","2021-05-19 11:11:42","18","7","NORMAL_CLEARING","9d618f0d-b7a8-4b45-a447-b7036eb98048","","1000","opus","opus"
"1000","1000","20006","default","2021-05-19 11:11:49","2021-05-19 11:12:01","2021-05-19 11:12:11","22","10","NORMAL_CLEARING","7292c31f-4b71-440e-a994-2b85f44d3dd6","","1000","opus","opus"
"1000","1000","+8420006","default","2021-05-19 14:46:33","","2021-05-19 14:46:41","8","0","ORIGINATOR_CANCEL","5ef86f3c-6b45-46db-b3ff-d99db4a40a6b","","1000","",""
"1000","1000","20006","default","2021-05-19 14:46:52","","2021-05-19 14:47:04","12","0","NORMAL_CLEARING","f1113c06-24bf-4ce7-a545-967a57428bed","","1000","",""
"1000","1000","20006","default","2021-05-19 14:47:53","2021-05-19 14:48:05","2021-05-19 14:48:06","13","1","NORMAL_CLEARING","907dc7cc-9458-4526-9f4b-a8a50135ccb3","","1000","opus","opus"
"1000","1000","20006","default","2021-05-19 14:50:07","2021-05-19 14:50:20","2021-05-19 14:50:32","25","12","NORMAL_CLEARING","a0bed223-98b8-4533-8c42-07572ec000ce","","1000","opus","opus"
"1000","1000","20006","default","2021-05-19 14:51:00","2021-05-19 14:51:11","2021-05-19 14:51:21","21","10","NORMAL_CLEARING","961b985c-a927-408f-a261-f2e4800e85d3","","1000","opus","opus"
"1000","1000","20006","default","2021-05-19 14:55:54","2021-05-19 14:56:06","2021-05-19 14:57:06","72","60","NORMAL_CLEARING","c324e356-b8a1-481b-be81-01cd1c873a5a","","1000","opus","opus"
"1000","1000","20006","default","2021-05-19 14:58:13","2021-05-19 14:58:24","2021-05-19 14:58:47","34","23","NORMAL_CLEARING","02d2bffd-cf68-431f-b068-ad49222b03f0","","1000","opus","opus"
"1000","1000","20006","default","2021-05-19 14:59:01","2021-05-19 14:59:13","2021-05-19 14:59:26","25","13","NORMAL_CLEARING","c982a10d-52ec-46ec-9f89-a0da81e6e260","","1000","opus","opus"
"1000","1000","20006","default","2021-05-22 14:50:36","2021-05-22 14:50:48","2021-05-22 14:50:48","12","0","NORMAL_CLEARING","3b9178ba-85b3-4155-8324-a8996e6247d7","","1000","opus","opus"
"1000","1000","20006","default","2021-05-22 16:06:53","2021-05-22 16:07:05","2021-05-22 16:07:05","12","0","NORMAL_CLEARING","525e9f86-81e1-4b87-9acd-0d23d91ad933","","1000","opus","opus"
"1000","1000","20006","default","2021-05-22 16:10:28","2021-05-22 16:10:40","2021-05-22 16:13:03","155","143","NORMAL_CLEARING","d7d5e71c-0e6f-4d64-9cc8-b1676b52da62","","1000","opus","opus"
"1000","1000","20006","default","2021-05-22 16:21:45","2021-05-22 16:21:57","2021-05-22 16:23:02","77","65","NORMAL_CLEARING","a9fbf2bd-5bbf-44ed-8f51-26fc2fce301a","","1000","opus","opus"
"1000","1000","20006","default","2021-05-22 16:36:15","2021-05-22 16:36:27","2021-05-22 16:37:17","62","50","NORMAL_CLEARING","5b8459dc-5b46-4010-955c-ba69e59853be","","1000","opus","opus"
"1000","1000","20006","default","2021-05-22 17:07:06","2021-05-22 17:07:18","2021-05-22 17:07:46","40","28","NORMAL_CLEARING","598a1f82-eedc-445d-9d81-9e0e4a2261de","","1000","opus","opus"
"1000","1000","20006","default","2021-05-22 17:15:57","2021-05-22 17:16:09","2021-05-22 17:17:20","83","71","NORMAL_CLEARING","9a3ccf70-4370-4f53-9015-0e9f76cc1df4","","1000","opus","opus"
"1000","1000","20006","default","2021-05-22 17:20:25","2021-05-22 17:20:36","2021-05-22 17:21:38","73","62","NORMAL_CLEARING","5a95bda8-7356-448f-bfe2-3da387668bb1","","1000","opus","opus"
"1000","1000","20006","default","2021-05-22 17:28:00","2021-05-22 17:28:14","2021-05-22 17:29:07","67","53","NORMAL_CLEARING","a3e611f0-8b78-4075-a102-f3f390c651d0","","1000","opus","opus"
"1000","1000","20006","default","2021-05-22 22:48:30","","2021-05-22 22:48:34","4","0","ORIGINATOR_CANCEL","02ea43a4-3e51-4b8f-9009-24e48c851d29","","1000","",""
"1000","1000","20006","default","2021-05-22 22:49:45","2021-05-22 22:49:57","2021-05-22 22:49:58","13","1","NORMAL_CLEARING","3e5dde15-5166-400b-a5eb-9153cd76aa57","","1000","opus","opus"
"1000","1000","20006","default","2021-05-22 22:51:22","2021-05-22 22:51:33","2021-05-22 22:53:54","152","141","NORMAL_CLEARING","9bf21f58-eb49-427c-90b2-e28fb0dcf639","","1000","opus","opus"
"1000","1000","20006","default","2021-05-22 22:52:38","2021-05-22 22:52:50","2021-05-22 22:55:09","151","139","NORMAL_CLEARING","3d353ba0-ae6f-4888-94ea-e1d328a028c0","","1000","opus","opus"
"1000","1000","20006","default","2021-05-22 23:24:30","2021-05-22 23:24:42","2021-05-22 23:25:37","67","55","NORMAL_CLEARING","94b9a527-8613-4b6c-ba96-92a0d5351c66","","1000","opus","opus"
"1000","1000","20006","default","2021-05-22 23:33:23","2021-05-22 23:33:35","2021-05-22 23:35:56","153","141","NORMAL_CLEARING","3a7b4f7e-e16f-4a61-b6a3-98087c8e1858","","1000","opus","opus"
"1000","1000","20006","default","2021-05-22 23:36:45","2021-05-22 23:36:57","2021-05-22 23:38:46","121","109","NORMAL_CLEARING","2190adc5-e0cc-4caa-9ac9-4d980a90135b","","1000","opus","opus"
"1000","1000","20006","default","2021-05-24 14:21:50","2021-05-24 14:22:03","2021-05-24 14:22:03","13","0","NORMAL_CLEARING","d609f003-f886-4e4a-bb3a-fa87cf418113","","1000","opus","opus"
"1000","1000","20006","default","2021-05-24 14:25:09","2021-05-24 14:25:22","2021-05-24 14:25:22","13","0","NORMAL_CLEARING","b44264ed-bea0-4949-8d61-fd766a5f2b49","","1000","opus","opus"
"1000","1000","20006","default","2021-05-24 15:58:01","2021-05-24 15:58:14","2021-05-24 15:58:14","13","0","NORMAL_CLEARING","c79d9be5-7111-46f9-8a29-c27486624183","","1000","opus","opus"
"1000","1000","20006","default","2021-05-24 16:02:09","2021-05-24 16:02:22","2021-05-24 16:03:33","84","71","NORMAL_CLEARING","790041a1-c30c-4848-ac99-75ea9bfff178","","1000","opus","opus"
"1000","1000","20006","default","2021-05-24 16:19:24","2021-05-24 16:19:36","2021-05-24 16:20:48","84","72","NORMAL_CLEARING","b81055f3-6a51-4d0f-8914-5929d3f6fe90","","1000","opus","opus"
"1000","1000","20006","default","2021-05-24 16:29:04","2021-05-24 16:29:16","2021-05-24 16:29:36","32","20","NORMAL_CLEARING","dc8c4182-2dc7-447e-a10f-03c541f8e42d","","1000","opus","opus"
"1000","1000","20006","default","2021-05-24 16:46:06","2021-05-24 16:46:20","2021-05-24 16:46:40","34","20","NORMAL_CLEARING","6023a8cc-98b4-4cf3-84fc-ac5f9c9b10cc","","1000","opus","opus"
"1000","1000","20006","default","2021-06-02 15:31:46","2021-06-02 15:31:57","2021-06-02 15:32:29","43","32","NORMAL_CLEARING","6943b7a2-cf86-42ba-8ee1-e76d927cf0af","","1000","opus","opus"
"1000","1000","20006","default","2021-06-02 15:46:18","2021-06-02 15:46:30","2021-06-02 15:47:32","74","62","NORMAL_CLEARING","9c1206e8-8b38-4326-aa2f-e3fcc4a5ff47","","1000","opus","opus"
"1000","1000","20006","default","2021-06-02 15:54:48","2021-06-02 15:55:00","2021-06-02 15:55:58","70","58","NORMAL_CLEARING","9cd37299-e287-4581-9bbc-d073effa0ebc","","1000","opus","opus"
"1000","1000","20006","default","2021-06-02 15:57:02","2021-06-02 15:57:16","2021-06-02 15:58:18","76","62","NORMAL_CLEARING","e85174f7-9990-42f9-bfe3-e92adb6d095e","","1000","opus","opus"
"1000","1000","20006","default","2021-06-02 15:59:57","2021-06-02 16:00:10","2021-06-02 16:00:59","62","49","NORMAL_CLEARING","bd7a986e-89c3-4673-ab69-fefcf6d337f4","","1000","opus","opus"
"1000","1000","20006","default","2021-06-02 16:03:29","2021-06-02 16:03:41","2021-06-02 16:04:39","70","58","NORMAL_CLEARING","4b61a54e-237b-48a1-8020-25e7dff1b280","","1000","opus","opus"
"1000","1000","20006","default","2021-06-02 16:06:24","2021-06-02 16:06:37","2021-06-02 16:07:32","68","55","NORMAL_CLEARING","e338abc6-3892-4c3e-82f5-e156d149f4d2","","1000","opus","opus"
"1000","1000","20006","default","2021-06-02 16:11:51","2021-06-02 16:12:03","2021-06-02 16:12:54","63","51","NORMAL_CLEARING","667a83df-2ffd-4674-8444-0e3adb6b0c24","","1000","opus","opus"
"1000","1000","20006","default","2021-06-02 16:14:08","","2021-06-02 16:14:09","1","0","ORIGINATOR_CANCEL","32d7f8b4-3c48-4aae-93fd-4011b30b48d4","","1000","",""
"1000","1000","20006","default","2021-06-02 16:27:24","2021-06-02 16:27:38","2021-06-02 16:28:17","53","39","NORMAL_CLEARING","812966d7-91c6-44ec-b948-feb02ff90fa2","07f74ab9-25eb-4eed-b54b-9e355755f965","1000","opus","opus"
"1000","1000","20006","default","2021-06-02 16:31:43","2021-06-02 16:31:57","2021-06-02 16:37:17","334","320","NORMAL_UNSPECIFIED","d8d41556-2734-4028-9a06-90e38bcff543","bdb3f1d4-e62f-4687-b085-6ef42b0bd1f2","1000","opus","opus"
"1000","1000","20006","default","2021-06-02 17:13:41","2021-06-02 17:13:52","2021-06-02 17:19:12","331","320","NORMAL_UNSPECIFIED","0fb54085-96ee-4afd-b833-38c29966213f","c1ad14df-de6e-4726-8acc-a2989c431ecb","1000","opus","opus"
"1000","1000","20006","default","2021-06-02 17:29:25","","2021-06-02 17:29:36","11","0","NORMAL_CLEARING","67526ae0-923a-457b-91c9-18276d738d11","","1000","",""
"1000","1000","20006","default","2021-06-02 17:32:22","2021-06-02 17:32:35","2021-06-02 17:37:55","333","320","NORMAL_UNSPECIFIED","2485ca6e-5e03-40a1-884e-928243b97143","57cf92f6-fbab-44e0-b5f2-0ba80be259ac","1000","opus","opus"
"1000","1000","20006","default","2021-06-02 17:43:35","2021-06-02 17:43:47","2021-06-02 17:49:07","332","320","NORMAL_UNSPECIFIED","23c541aa-f67b-4bcd-bec1-0d2a4d463640","e59afd25-81b0-464f-98a2-92a4c1c834fa","1000","opus","opus"
"1000","1000","20006","default","2021-06-02 17:46:22","2021-06-02 17:46:35","2021-06-02 17:49:34","192","179","NORMAL_CLEARING","7cc6a313-5c3f-498b-9c67-40b201eca281","f75dcaba-a8d3-4b62-9b80-b8205e6a506f","1000","opus","opus"
"1000","1000","20006","default","2021-06-02 17:59:54","2021-06-02 18:00:06","2021-06-02 18:05:26","332","320","NORMAL_UNSPECIFIED","5f63408c-cfcf-4ee6-b137-78eb60553c1f","a08f2bb7-dc8f-40ad-825a-6c5748d189e2","1000","opus","opus"
"1000","1000","20006","default","2021-06-02 22:00:22","","2021-06-02 22:00:33","11","0","NORMAL_CLEARING","afd1a836-9a19-4710-8b75-3ead0007c087","","1000","",""
"1000","1000","20006","default","2021-06-02 22:01:05","2021-06-02 22:01:18","2021-06-02 22:02:07","62","49","NORMAL_CLEARING","e9aba88e-e8a5-4a22-84c7-2cc5aa3fe316","","1000","opus","opus"
"1000","1000","20006","default","2021-06-02 22:17:49","2021-06-02 22:18:02","2021-06-02 22:23:50","361","348","NORMAL_UNSPECIFIED","b1d4be77-114a-40fe-a83f-023237b824bb","","1000","opus","opus"
"1000","1000","20006","default","2021-06-02 22:25:50","2021-06-02 22:26:02","2021-06-02 22:27:40","110","98","NORMAL_CLEARING","8ed8f1b9-0bd2-4b37-878b-47028e6ec741","","1000","opus","opus"
"1000","1000","20006","default","2021-06-02 22:27:18","2021-06-02 22:27:29","2021-06-02 22:28:20","62","51","NORMAL_CLEARING","84eb00bc-6128-4d2b-bc6a-df1aefc5428e","","1000","opus","opus"
"1000","1000","20006","default","2021-06-02 22:28:29","2021-06-02 22:28:40","2021-06-02 22:29:39","70","59","NORMAL_CLEARING","aa6d4271-f38a-4ff0-bb03-5d3a6c244bf5","","1000","opus","opus"
"1000","1000","20006","default","2021-06-02 22:30:41","2021-06-02 22:30:53","2021-06-02 22:36:13","332","320","NORMAL_UNSPECIFIED","99e8ff13-a7b7-43c4-b76a-6a1fd844e1b5","b56eaec7-ab31-4e33-83af-5f7918151e3d","1000","opus","opus"
"1000","1000","20006","default","2021-06-03 09:28:16","","2021-06-03 09:28:28","12","0","NORMAL_CLEARING","892b371e-9d39-480c-acfc-c9d841bec5a6","","1000","",""
"1000","1000","20006","default","2021-06-03 09:30:00","2021-06-03 09:30:12","2021-06-03 09:36:06","366","354","NORMAL_UNSPECIFIED","41ebf0da-375d-405d-b390-f1821b245d2b","","1000","opus","opus"
"1000","1000","20006","default","2021-06-03 09:42:27","2021-06-03 09:42:39","2021-06-03 09:45:58","211","199","NORMAL_CLEARING","9b4e94ea-3b3b-41e9-acb6-76219bbf3145","","1000","opus","opus"
"1000","1000","20006","default","2021-06-03 09:46:26","2021-06-03 09:46:38","2021-06-03 09:51:23","297","285","NORMAL_CLEARING","767cf9a3-f93c-4334-8f2f-116fb5d421a0","","1000","opus","opus"
"1000","1000","20006","default","2021-06-03 10:03:40","2021-06-03 10:03:52","2021-06-03 10:06:47","187","175","NORMAL_CLEARING","64278544-dd8e-4b26-be0c-31f3331affe3","","1000","opus","opus"
"1000","1000","20006","default","2021-06-03 10:11:56","2021-06-03 10:12:09","2021-06-03 10:12:28","32","19","NORMAL_CLEARING","f7b7be81-12a7-491e-a632-36b95a52e58a","","1000","opus","opus"
"1000","1000","20006","default","2021-06-03 10:41:44","2021-06-03 10:42:02","2021-06-03 10:42:20","36","18","NORMAL_CLEARING","42d59d68-73e4-4197-9b5c-6daa5a43fa7f","","1000","opus","opus"
"1000","1000","20006","default","2021-06-03 11:13:55","2021-06-03 11:14:07","2021-06-03 11:14:39","44","32","NORMAL_CLEARING","f5284db1-f643-4b89-b1e2-c77a8a0ce688","8b7c73bc-fad2-47a9-bed8-b81d7c687d0a","1000","opus","opus"
"1000","1000","20006","default","2021-06-03 11:15:15","2021-06-03 11:15:27","2021-06-03 11:20:44","329","317","NORMAL_CLEARING","aa356b48-3963-456e-a630-d21e1fc0c00f","8fc155f3-7e7c-421f-81e3-1f06c0fcf7b9","1000","opus","opus"
"1000","1000","20006","default","2021-06-03 11:34:29","","2021-06-03 11:34:41","12","0","NORMAL_CLEARING","8205c215-32fc-4e3f-b86c-1e0e0bfabc1c","","1000","",""
"1000","1000","20006","default","2021-06-03 11:38:34","2021-06-03 11:38:46","2021-06-03 11:39:43","69","57","NORMAL_CLEARING","59564705-6f58-46f7-b3d8-32965193a4da","45f5fb28-7933-4465-8d56-7b487732fe59","1000","opus","opus"
"1000","1000","20006","default","2021-06-14 10:02:53","2021-06-14 10:03:06","2021-06-14 10:03:08","15","2","NORMAL_CLEARING","70adc629-bfe8-4659-b0ff-adc072e26088","","1000","opus","opus"
"1000","1000","20006","default","2021-06-14 11:45:29","","2021-06-14 11:45:41","12","0","NORMAL_CLEARING","16ab0838-89c2-43c1-ab14-cb9b69b536cb","","1000","",""
"1000","1000","20006","default","2021-06-14 11:55:34","","2021-06-14 11:55:52","18","0","NORMAL_CLEARING","d4f4fafb-7c7c-43e5-b34f-75f0c1c4ffd9","","1000","",""
"1000","1000","20006","default","2021-06-14 11:57:50","2021-06-14 11:58:02","2021-06-14 12:03:22","332","320","NORMAL_UNSPECIFIED","b139a0d3-bab0-42af-81b8-17e8519c3cc4","5d95a3e4-c9a8-4e3d-92f4-199c9e8b2dcb","1000","opus","opus"
"1000","1000","20006","default","2021-06-14 12:10:26","2021-06-14 12:10:38","2021-06-14 12:11:00","34","22","NORMAL_CLEARING","fcc2dd66-d461-4937-a056-cab2670b5972","","1000","opus","opus"
"1000","1000","20006","default","2021-06-14 12:12:39","2021-06-14 12:12:51","2021-06-14 12:13:16","37","25","NORMAL_CLEARING","1f98aa4f-0932-4360-9b70-b90c13030d94","","1000","opus","opus"
"1000","1000","20006","default","2021-06-14 13:57:48","","2021-06-14 13:57:52","4","0","ORIGINATOR_CANCEL","4cfdbb8c-3917-4792-bc1a-3439b010f677","","1000","",""
"1000","1000","20006","default","2021-06-14 13:58:28","2021-06-14 13:58:41","2021-06-14 14:02:54","266","253","NORMAL_CLEARING","3ce794b8-8dba-4131-a3fd-fae13ec9b0fe","","1000","opus","opus"
"1000","1000","20006","default","2021-06-14 14:01:30","2021-06-14 14:01:43","2021-06-14 14:06:00","270","257","NORMAL_CLEARING","28e6ba08-7565-4298-b847-ee9747f664b2","","1000","opus","opus"
"1000","1000","20006","default","2021-06-14 14:13:28","2021-06-14 14:13:40","2021-06-14 14:16:00","152","140","NORMAL_CLEARING","b8837fc8-c83e-4887-bddf-241c0d39315d","","1000","opus","opus"
"1000","1000","20006","default","2021-06-14 14:39:50","2021-06-14 14:40:03","2021-06-14 14:40:54","64","51","NORMAL_CLEARING","919ac8f9-6002-4ae2-aabf-fd5d0ac90fd0","","1000","opus","opus"
"1000","1000","20006","default","2021-06-14 15:20:39","2021-06-14 15:20:52","2021-06-14 15:22:00","81","68","NORMAL_CLEARING","754b1f81-5af4-4bd3-b5eb-56c84930eae7","d1481aff-ed19-4a09-8c20-5ccd845009bc","1000","opus","opus"
"1000","1000","20006","default","2021-06-14 15:31:46","2021-06-14 15:31:58","2021-06-14 15:36:11","265","253","NORMAL_CLEARING","51cd7768-0655-4001-a5cb-3e05c5a45c30","320fb506-edfe-465b-ba9c-664b1df76506","1000","opus","opus"
"1000","1000","20006","default","2021-06-14 15:43:23","2021-06-14 15:43:36","2021-06-14 15:43:55","32","19","NORMAL_CLEARING","ebf86b2f-8d47-4d50-b2af-b6a14d5353ed","513aaf0a-858c-4478-a558-71102bfcb2a1","1000","opus","opus"
"1000","1000","20006","default","2021-06-14 15:45:12","2021-06-14 15:45:25","2021-06-14 15:46:10","58","45","NORMAL_CLEARING","e2a2e27b-88da-4061-bb3a-02978f7b221a","21963907-ce6f-4254-9f77-a59a5d8444b6","1000","opus","opus"
"1000","1000","20006","default","2021-06-14 15:48:46","2021-06-14 15:48:58","2021-06-14 15:50:13","87","75","NORMAL_CLEARING","29c20643-f46a-4366-b59b-5cce57123c3f","","1000","opus","opus"
"1000","1000","20006","default","2021-06-16 11:19:46","2021-06-16 11:19:58","2021-06-16 11:25:49","363","351","NORMAL_UNSPECIFIED","2c6c72a6-7689-4ba5-95b6-d479789be9be","","1000","opus","opus"
"1000","1000","20006","default","2021-06-16 11:27:14","2021-06-16 11:27:27","2021-06-16 11:28:43","89","76","NORMAL_CLEARING","fe42edd1-d1c6-4858-8608-a9a4686f5b2a","5b579d00-cf82-4dc0-a44f-2cfb085431b9","1000","opus","opus"
"1000","1000","20006","default","2021-06-16 11:35:53","2021-06-16 11:36:06","2021-06-16 11:37:04","71","58","NORMAL_CLEARING","ebc3730c-300b-469a-8adc-0d71f551998c","2d899c50-e2d5-44f0-b2f5-40bf5ac7db85","1000","opus","opus"
"1000","1000","20006","default","2021-06-16 11:39:29","2021-06-16 11:39:42","2021-06-16 11:40:34","65","52","NORMAL_CLEARING","2f4494c9-75ec-4bda-8e27-8973fd34edf2","4afd1bc8-f90b-491c-907d-b9fcf4cafe21","1000","opus","opus"
"1000","1000","20006","default","2021-06-16 13:46:33","","2021-06-16 13:46:36","3","0","ORIGINATOR_CANCEL","5337cda2-19d8-4b64-a2d5-d5c64b80a217","","1000","",""
"1000","1000","20006","default","2021-06-16 13:47:41","2021-06-16 13:47:58","2021-06-16 13:48:23","42","25","NORMAL_CLEARING","f6b3adf3-73b4-4a24-8f6f-ac105df779ac","58000ed8-9bd5-4043-b80c-5ceb623c184d","1000","opus","opus"
"1000","1000","20006","default","2021-06-16 13:52:45","2021-06-16 13:52:57","2021-06-16 13:53:40","55","43","NORMAL_CLEARING","29bc850b-70c2-4bb9-9627-511dc52153ca","ae03554a-2ad5-4e1a-aca9-6e8b97845a7f","1000","opus","opus"
"1000","1000","20006","default","2021-06-16 13:57:43","2021-06-16 13:57:55","2021-06-16 13:58:25","42","30","NORMAL_CLEARING","f4ac04cf-2b17-4639-bb15-d608ea338bd2","","1000","opus","opus"
"1000","1000","20006","default","2021-06-16 14:02:43","2021-06-16 14:02:55","2021-06-16 14:04:01","78","66","NORMAL_CLEARING","3726f9a5-b961-4b3f-886b-f43a9a41eaf6","","1000","opus","opus"
"1000","1000","20006","default","2021-06-27 16:20:42","","2021-06-27 16:20:53","11","0","NORMAL_CLEARING","bfd4669b-8e45-4335-948d-1c0a8fd05f4a","","1000","",""
"1000","1000","20006","default","2021-06-27 16:21:29","2021-06-27 16:21:41","2021-06-27 16:21:43","14","2","NORMAL_CLEARING","a5999606-2eca-4c64-9473-c6622b03dd82","","1000","opus","opus"
"1000","1000","20006","default","2021-06-27 16:32:02","2021-06-27 16:32:13","2021-06-27 16:32:48","46","35","NORMAL_CLEARING","29c88ec3-3d43-4225-bc48-8d3b8ffcc206","","1000","opus","opus"
"1000","1000","20006","default","2021-06-27 22:19:25","","2021-06-27 22:19:39","14","0","NORMAL_CLEARING","365863ce-164f-43b0-aa46-8d3949fe94e1","","1000","",""
"1000","1000","20006","default","2021-06-27 22:20:08","2021-06-27 22:20:23","2021-06-27 22:21:59","111","96","NORMAL_CLEARING","52c5a78b-15f0-493b-8e4d-1026d2020c43","","1000","opus","opus"
"1000","1000","20006","default","2021-06-27 22:34:24","2021-06-27 22:34:37","2021-06-27 22:35:29","65","52","NORMAL_CLEARING","eacae1bb-d74c-49ab-b96f-fa7d262b385d","dec8f79d-63bc-4fe2-bfaf-2e4d541728ee","1000","opus","opus"
"1000","1000","20006","default","2021-06-27 22:47:58","2021-06-27 22:48:11","2021-06-27 22:48:44","46","33","NORMAL_CLEARING","94179765-bca6-476d-a83b-69d872cc1dd4","e25b4c59-8d74-4f71-87b6-90ea06153d3e","1000","opus","opus"
"1000","1000","20006","default","2021-06-27 22:54:32","2021-06-27 22:54:45","2021-06-27 22:55:26","54","41","NORMAL_CLEARING","85995582-82b6-44e5-b179-ad076820b84b","cf5a39df-00b6-4956-9062-0b33da8a4532","1000","opus","opus"
"1000","1000","20006","default","2021-06-27 22:59:12","2021-06-27 22:59:24","2021-06-27 23:00:21","69","57","NORMAL_CLEARING","5b5f1316-2a70-47ec-b32d-0f8bc9f5be9a","f72322f4-b8de-4cf4-8ea6-261b197b4b3c","1000","opus","opus"
"1000","1000","20006","default","2021-06-27 23:01:51","2021-06-27 23:02:03","2021-06-27 23:02:36","45","33","NORMAL_CLEARING","4901efe2-7ad0-483c-b2ae-b959430759bd","478a411e-3427-4ebc-9447-48542f7a9685","1000","opus","opus"
"1000","1000","20006","default","2021-06-27 23:02:41","2021-06-27 23:02:52","2021-06-27 23:03:21","40","29","NORMAL_CLEARING","c6ea5d88-9052-4635-8c78-fea05af761d8","","1000","opus","opus"
"1000","1000","20006","default","2021-06-27 23:09:07","2021-06-27 23:09:20","2021-06-27 23:14:23","316","303","NORMAL_CLEARING","b7c673eb-2f8e-477a-95cf-5e936106e2b1","73a8f190-79c4-41ca-9e93-c50897feb049","1000","opus","opus"
"1000","1000","20006","default","2021-06-27 23:17:50","2021-06-27 23:18:04","2021-06-27 23:18:28","38","24","NORMAL_CLEARING","1f466f14-5d17-4ace-b53c-d337268d8305","6669520b-ff02-441b-88aa-8c4eff300fc6","1000","opus","opus"
"1000","1000","20006","default","2021-06-27 23:22:06","2021-06-27 23:22:19","2021-06-27 23:23:06","60","47","NORMAL_CLEARING","339b8140-8109-4bf2-a1c9-1a2fbf04a258","a927c856-b19b-4e69-af5b-de8db2b7615a","1000","opus","opus"
"1000","1000","20006","default","2021-06-27 23:23:46","2021-06-27 23:23:58","2021-06-27 23:25:02","76","64","NORMAL_CLEARING","a6a756c2-5408-4cbb-9127-41510fb19da8","","1000","opus","opus"
"1000","1000","20006","default","2021-06-27 23:41:42","2021-06-27 23:41:54","2021-06-27 23:42:06","24","12","NORMAL_CLEARING","d061c174-440a-4d39-9127-6c3f4e59aca9","","1000","opus","opus"
"1000","1000","20006","default","2021-06-27 23:48:17","2021-06-27 23:48:29","2021-06-27 23:48:54","37","25","NORMAL_CLEARING","ff30f134-8dd5-476a-aeff-fa4c1a193a83","c204f715-a078-4142-bdaa-80c87a8d3465","1000","opus","opus"
